,sendentary,light,moderate,vigorous
0d01bbf2,0.7016317968329404,0.23743664952568364,0.054504613214027144,0.00642694042734884
cefdb7fe,0.8432566418270586,0.1395144055102565,0.016439266218342033,0.000789686444342774
58391429,0.984951415174284,0.012485170329359923,0.0022597593356307555,0.00030365516072538277
2ca2206f,0.8024003154260656,0.15346247423539633,0.041454165451229166,0.0026830448873089094
19455336,0.8348694253736826,0.11529261941108762,0.04289900977166788,0.006938945443561883
ca33a5e7,0.9617635337793905,0.03081150240157728,0.0066698827526899766,0.0007550810663422614
92bb8516,0.7064720160575083,0.22771087149325492,0.05434579657377585,0.011471315875460953
2812951b,0.6597085540081585,0.23381493738319498,0.09086732191308775,0.015609186695558771
6b6467f4,0.7477081041437477,0.20095342867620095,0.04779366825571446,0.003544798924336878
9d6b1410,0.7837790537781371,0.1337619694482178,0.06479961331077647,0.017659363462868668
22c72c4e,0.915758953060105,0.06229919285322467,0.018180393386098267,0.0037614607005720556
b3b200af,0.8812297603831445,0.10278567856078326,0.014165837294951526,0.001818723761120738
ebf30e46,0.6990917679391936,0.21827629149310773,0.06738738351870142,0.015244557048997295
2a0b8386,0.859249871810371,0.10324788747660278,0.03204949161869109,0.00545274909433506
71c1b1d2,0.7241777046638492,0.2183868924374356,0.05037297557931758,0.007062427319397566
e683d2c9,0.8115819209039548,0.13486682808716707,0.04249394673123487,0.011057304277643261
bebff291,0.8484649091607506,0.11669322369076242,0.031004140050363498,0.0038377270981234616
d4d2f272,0.8890055250436837,0.09817400432394723,0.011971476427248107,0.0008489942051209488
81d3ab22,0.9833367201788255,0.015850436903068484,0.000812842918106076,
051680a0,0.659464966912519,0.2551439470600304,0.07193353989101822,0.013457546136432394
1aff6762,0.904558606485612,0.07802246366539645,0.01689361027958675,0.0005253195694047212
a0522c83,0.9020266779632997,0.08044976442387171,0.014940486030748884,0.0025830715820796828
b447e66d,0.792504635291333,0.15121964048548925,0.04662905834549686,0.009646665877680908
90161e10,0.9551652556170629,0.03237951807228916,0.010399706935851514,0.0020555193747964834
adbd6839,0.5956094966394275,0.295048595329046,0.09057105555824187,0.01877085247328466
3e5d5b58,0.7459846009732916,0.19959331947268616,0.04566017044026594,0.008761909113756312
cd68643b,0.818414995235431,0.14919104516504825,0.028490334184057983,0.003903625415462751
af4f064e,0.873475899365766,0.10387437116616308,0.019256043701511804,0.0033936857665591825
554e46e9,0.9757531227038942,0.01961792799412197,0.0039186872397746755,0.0007102620622091599
8f21c613,0.7593825750971581,0.1733379076843473,0.06139660185711152,0.005882915361383104
3826be66,0.7681533852242477,0.1812883994453273,0.04336164053564379,0.007196574794781218
2898269f,0.5754093542576626,0.2964868427561683,0.10795254487837952,0.020151258107789588
43f5d3c5,0.8059703439579076,0.14007914075749012,0.048610688350654435,0.005339826933947907
76fb4afb,0.7779519172758741,0.15001499846644895,0.05513031813601081,0.01690276612166621
fc2c2c08,0.7984024485834795,0.15710499794707178,0.04145515284983763,0.0030374006196110634
1837456f,0.6697279349007962,0.25781003378891865,0.06405864540342099,0.008403385906864179
4bc2bee9,0.709963677985998,0.22187320137744002,0.0608401863901381,0.007322934246423891
a402c6c8,0.7637181928336507,0.16764502235029377,0.05820495066643586,0.010431834149619689
035c96dd,0.8904925331601892,0.07672757629162415,0.029403580372878213,0.0033763101753084127
29587a31,0.8089168743840937,0.14857109732769114,0.03431685119703205,0.00819517709118312
ab16a20d,0.7210117621156565,0.21575733967872235,0.052357927361102875,0.01087297084451821
fa34f945,0.9347207127221516,0.059569550109449386,0.005518392089029039,0.00019134507936993892
c9600298,0.8264856943063902,0.1514000262563531,0.020922026668952935,0.0011922527683037591
070386b2,0.8462829213834979,0.12854060162147812,0.022341272812672307,0.00283520418235162
91656d27,0.733915310923417,0.2254407346522306,0.03588231959639476,0.004761634827957599
3f1f23e7,0.7623147770097666,0.16077771073236474,0.06724574632986584,0.009661765928002861
e46417a7,0.5905783207122627,0.3185915532002384,0.0759389568327042,0.014891169254794698
7b0a4060,0.6540928693311422,0.24380782909179813,0.0904900050661498,0.011609296510909865
5f574f3d,0.8330892771547614,0.12957276122351155,0.03168604191796552,0.00565191970376145
8c1f9196,0.880693376500742,0.10839336301092675,0.010602994738972076,0.0003102657493592338
5e57bd12,0.8843772498200144,0.11461483081353492,0.001007919366450684,
d3da09e8,0.7718199494296228,0.20378777131508016,0.023436782856141463,0.0009554963991554914
4a9f92ca,0.6976017292252796,0.23086872984286008,0.06022781856858574,0.01130172236327455
7e87087b,0.935626271447393,0.060388387741606556,0.003326585933437994,0.0006587548775624555
8a77c3e9,0.8328278470089592,0.12348988604350143,0.03973249409913454,0.003949772848404863
5779f2e9,0.7962121314900487,0.1569686198428957,0.03981874669307683,0.0070005019739787545
93904b23,0.812544129403458,0.15190434787682863,0.03150182936436153,0.004049693355351839
98413061,0.7998259526160886,0.15126477691623236,0.038622874519658554,0.010286395948020456
fa633e39,0.9434933375874258,0.04208193046238067,0.012350861873535906,0.0020738700766576267
c3d46daf,0.8331575550553308,0.15648464432446046,0.010208257906087176,0.00014954271412155463
d8037389,0.8791402467435123,0.0975764574006172,0.02222312258169074,0.0010601732741797162
b7c410a9,0.849100563502384,0.1166929026076244,0.02747074122236671,0.006735792667624849
bc66f41d,0.8234451844262295,0.15068647540983607,0.02401127049180328,0.0018570696721311474
6a4df6ff,0.735092101155167,0.20597876990321573,0.05233374960974087,0.006595379331876366
641697e6,0.7886969927980106,0.16295444747808593,0.0448656903266347,0.0034828693972687483
089a6b19,0.7221929649336263,0.23271650897996984,0.037354495432836365,0.007736030653567472
1f65fa82,0.8325674657105689,0.12898879281995465,0.0353240071125287,0.0031197343569476657
66f619e3,0.7497194976293026,0.18484201382605234,0.0592674363893011,0.006171052155344022
c79039af,0.9139019694499053,0.07505448117161188,0.01005298262190321,0.0009905667565796492
0bd89878,0.654792205963586,0.2539235543232207,0.0678918409565999,0.02339239875659341
cb2752bc,0.8628515712892822,0.09641866046651167,0.03921848046201155,0.0015112877821945548
1c5ba087,0.7616702933655236,0.18926603027367017,0.03943836465001033,0.009625311710795914
54945f30,0.8313722104040253,0.1175653293352068,0.04144654729851719,0.009615912962250672
5132511c,0.8986701879343231,0.08641244181238579,0.013362143705067157,0.0015552265482240274
0a431608,0.8227980236145584,0.14257656947118544,0.0328856309973942,0.0017397759168619083
b1de4423,0.898119756811085,0.09094941543834204,0.009755015683361555,0.0011758120672113893
a3bd8858,0.9509818469604788,0.0372293944040494,0.009216665842277951,0.0025720927931938468
e1ccc3d1,0.5990244003587221,0.30854764212807206,0.07889812189293287,0.013529835620272981
94a1053b,0.8510601377720737,0.11862214830142224,0.029754577123549595,0.0005631368029545038
fa9a0add,0.8087091873212583,0.1543235621226565,0.033159060216078805,0.0038081903400063555
09331bb8,0.8097919948590019,0.15231992002891812,0.031801000531057964,0.006087084581022041
18b8b2f6,0.7809427701146578,0.16371251331071543,0.04822503157425522,0.007119685000371462
045a0a94,0.8932902895380909,0.09211736011116382,0.014239715877367163,0.0003526344733781963
e21255e2,0.9539081568939093,0.036133929078244226,0.008506393986328142,0.0014515200415183387
930c567c,0.8552753991911751,0.1155138696386869,0.02492927528527217,0.00428145588486586
fd028ecc,0.8406758310016138,0.13633302759749683,0.021162531492726195,0.0018286099081631468
e51193d1,0.7704504583534365,0.16418483266809947,0.05211303127330146,0.013251677705162506
9d65adbf,0.9876237623762376,0.008280828082808282,0.002835283528352835,0.0012601260126012602
1cd37b36,0.951266404747973,0.027250689626347906,0.018557218089108082,0.002925687536571094
a0182b17,0.8576721299314654,0.10592579465982008,0.030212115342611406,0.0061899600661031685
87050a09,0.7397785129569183,0.20090775794103993,0.050965598037120814,0.008348131064920902
649ff6d9,0.7050760927556395,0.2284846001703723,0.05601063500532045,0.010428672068667707
6f5677b7,0.8333857613103999,0.12984631113008505,0.03306894653469796,0.0036989810248171575
6e1d28b6,0.6817374693103072,0.20704244312390624,0.08328685808060411,0.02793322948518241
4d5a8ce7,0.7636189662928201,0.20618485959789262,0.029193574211453275,0.0010025998978339268
9ebb73c7,0.6489885597393742,0.24734828396090613,0.08919236305780741,0.014470793241912265
e0db55b1,0.9829035775846906,0.016181798993914236,0.0008618566855454322,5.276673584972034e-05
f47a67cc,0.9166061266497154,0.043800702264196634,0.03375105945029665,0.005842111635791258
7494989e,0.8799502141523593,0.08441629754365414,0.03058901050627814,0.005044477797708387
0a418b57,0.7646832815582201,0.17861711249490447,0.04706615500672374,0.009633450940151717
807d8908,0.9649585212969064,0.027556726983966072,0.007129944075557133,0.00035480764357037864
5ed5f205,0.911906677393403,0.06733358984224702,0.018744097380111232,0.0020156353842386934
c9e419e7,0.8796796154543997,0.0979060882004139,0.01858041036779536,0.003833885977391117
eef79620,0.9159601051536862,0.07078374162237115,0.012588109544719206,0.0006680436792234805
5b2c9b83,0.8788707499389703,0.10386789158655554,0.016930716627576767,0.00033064184689737434
966161e7,0.8285675281435733,0.13613829472571867,0.031274569535419315,0.0040196075952887165
687c85e7,0.8258949731819882,0.15397280778346015,0.018286141948359737,0.0018460770861918423
9e171735,0.7136756019990913,0.20761270129739007,0.0662729062547327,0.012438790448785906
e328a032,0.8170599513560023,0.12954004999898375,0.04557834190361985,0.007821656741394145
b3f5c066,0.7470029074584595,0.16088639821635708,0.07339449541284404,0.018716198912339374
23e024bd,0.8796698942811311,0.09338822210626002,0.026478034827312962,0.0004638487852959935
f9384fa2,0.8787610172487815,0.10425537288178398,0.016650251281662753,0.0003333585877718009
408bed19,0.698588299624569,0.2440134434953088,0.0495262101479718,0.007872046732150358
13eee030,0.7336268077601411,0.21592380952380952,0.044746384479717814,0.00570299823633157
b4e69f09,0.8064818254758657,0.1480748397651033,0.03801617802698003,0.007427156732051038
a5710c0a,0.8641912416746854,0.11166141519342403,0.021782607875323108,0.002364735256567486
33fe1b04,0.7107448475352537,0.2079787875135591,0.06766903700132577,0.013607327949861395
cfcf9dc9,0.8396870857073462,0.12871788125044276,0.02575572040116179,0.005839312641049255
893293dd,0.9307871753841408,0.05569800844435019,0.013052112051514393,0.0004627041199946018
3d3dd3ae,0.8267262364186903,0.12702606424033724,0.03918838686694769,0.0070593124740248175
2760be91,0.7960123617416068,0.16344024370650628,0.0384808037022219,0.0020665908496649665
4570c8b8,0.6118316010021646,0.2810257672428482,0.09283591131979023,0.01430672043519693
e3bce7e1,0.8890251742572918,0.09496599445083576,0.014997969817960343,0.0010108614739121609
1eea8df2,0.9803104730371537,0.019065324178359162,0.0006242027844872038,
35fa2ebf,0.9443197797923586,0.04175268527660593,0.012581156688507913,0.0013463782425276007
56cb7161,0.7729570053772126,0.1631107059610902,0.05277976506427269,0.011152523597424477
ed0b3906,0.8785065664658968,0.07984748853401116,0.03637803687535687,0.005267908124735223
48db8ecf,0.784367311952444,0.13319455421847692,0.06377531141810734,0.018662822410971714
428970d4,0.8543462533403455,0.1141443776746123,0.028356563361782442,0.00315280562325975
3c2cf08e,0.8010275127790415,0.14232666487918652,0.047420118377314,0.009225703964457975
e9d94c4e,0.7860692771084338,0.1364094308267553,0.06056294142085584,0.01695835064395513
12a607f6,0.8376436781609196,0.11973180076628352,0.033524904214559385,0.009099616858237548
8cab7bc4,0.8659217877094972,0.1127034248239009,0.018460043721156182,0.002914743745445713
eeedcd5e,0.8735349431434942,0.11128083860370262,0.014668423015577017,0.0005157952372261326
8f9c03c6,0.7066246317582184,0.24008124054421243,0.04710739018885395,0.00618673750871517
a4530b41,0.7766834702514314,0.1748428553647,0.04279987137996847,0.005673803003900091
01085eb3,0.8490993384149922,0.11601225861654355,0.03220683059956491,0.002681572368899353
c829500d,0.7662585925735197,0.16844955252295904,0.05662840809489998,0.008663446808621312
8a4e5d1a,0.9447007258964418,0.040723825738838336,0.012401210210866589,0.0021742381538532333
f028534c,0.7617166796146111,0.17312006737771454,0.05585162381744124,0.009311629190233135
37995242,0.6919279133637675,0.2484821207138855,0.053486300048682364,0.00610366587366468
e9ca5586,0.8464733407408567,0.11541338675096637,0.03332446517159893,0.004788807336578037
8c6c52a2,0.7175078839104195,0.2272607213177736,0.04922441530999376,0.006006979461813059
64b4005d,0.9147797739272173,0.06932189976731276,0.014528188228624074,0.0013701380768458477
00f332d1,0.8557913936998176,0.11345548172172924,0.024204852700538994,0.0065482718779141715
7b543871,0.8456243016206967,0.11573534202698219,0.0321581785354358,0.006482177816885327
4decbcd8,0.9935975479971053,0.005602145502532885,0.000732195308841684,6.811119152015665e-05
98ed2153,0.842263253467033,0.12390043227434154,0.030014944800655644,0.003821369457969757
c6313b18,0.9934170897513123,0.0062903364598571555,0.00029257378883056534,
d6251195,0.9484993966778773,0.039947626505096145,0.00937074786269929,0.002182228954327232
221e37e0,0.8802942035369758,0.08595455287892811,0.028262150002227315,0.005489093581868667
1b5b34bc,0.857866903697319,0.12875522993768967,0.012673059311533697,0.0007048070534575949
1aae1de3,0.8559613872393503,0.11590607120583529,0.022973779115485777,0.005158762439328615
9f9be55c,0.8550540091965282,0.10255761434440726,0.03548825946181264,0.006900116997251925
bdbff28b,0.8403462025073802,0.11468197676647625,0.03785990875282751,0.007111911973315953
7f2715b4,0.7142786707425304,0.23153535154324031,0.04886105906715314,0.005324918647076226
ee2bf575,0.874383161569707,0.09970123199838866,0.022625801470341402,0.003289804961562993
9d1b2d2c,0.8392859480932342,0.1223980496337826,0.03400047659324861,0.004315525679734574
6c2edc91,0.9347283419055438,0.05552111779389837,0.008711822948952069,0.0010387173516058234
87af775e,0.8878760506284493,0.07488240672402208,0.02764405864792518,0.009597483999603432
f7b1374e,0.8458591850279102,0.11416053248294683,0.035965180417978186,0.004015102071164792
1e87baed,0.7354198944217382,0.2013383061208752,0.05720224616700434,0.006039553290382283
697c41d7,0.8158547318048056,0.14712232194424327,0.03297549527415407,0.004047450976797059
c294b507,0.9200698564703977,0.06958756924927426,0.009064570972554734,0.0012780033077732672
c3a86e3e,0.6899311756393617,0.2594519127479253,0.045825299306334485,0.004791612306378538
f1baae47,0.8742655549083923,0.11003392497675321,0.015399078303342428,0.00030144181151201167
cda90e9e,0.8308098443162799,0.12310512564266192,0.04011595005598834,0.005969079985069774
d506f4c7,0.9254277943160645,0.06286274173859037,0.010914376887327866,0.0007950870580172617
2e17c497,0.8778822761444766,0.09389767936829228,0.022816848098870267,0.005403196388360912
397efe7a,0.7475317401185364,0.16682703647820407,0.0755959579319408,0.010045265471318765
5e55e9fd,0.9375248562854767,0.05318341227087024,0.007646697277558841,0.001645034166094219
948a7025,0.5967374870693085,0.32117450465504893,0.07565847059759688,0.006429537678045675
2e5f5207,0.7173516258228593,0.20575158084132764,0.06159442229007898,0.015302371045734108
f9334e08,0.7424312994876572,0.21982752537014297,0.03285768725917771,0.004883487883022117
721ea536,0.811771434300349,0.14348016296174773,0.041799961720394824,0.0029484410175083624
429cc266,0.7909610943950738,0.14048177174445456,0.05301413477013505,0.015542999090336575
7f44236f,0.9459700007853198,0.0458103191015942,0.007926494070835842,0.00029318604225020287
ad9f821d,0.6524346780522575,0.2529645976283219,0.0737423410061272,0.02085838331329335
6e9beaee,0.8545234895490808,0.08354301890029452,0.0616046664569811,0.000328825093643668
1314bc8c,0.8678004572086381,0.10372445849012549,0.025276795847112038,0.00319828845412438
15f2e240,0.6685238521673887,0.278045356632863,0.0493549870513348,0.004075804148413486
0bfe4fc9,0.8599226172537344,0.1054164878218066,0.03096527517755109,0.0036956197469078865
26190ddd,0.6372570566432237,0.25027323702718113,0.0950746055882912,0.017395100741303935
9fa5cdfd,0.8338651623068882,0.1295834057169329,0.032107840896276586,0.004443591079902351
224fc39a,0.8489446544959536,0.12825931244855124,0.021805365994462242,0.0009906670610329309
4a4a0f78,0.8494131134436989,0.12602284440143882,0.021661162414017963,0.0029028797408443595
351cd4ec,0.6326102527371329,0.25867185101811113,0.09576128108052799,0.012956615164227974
6826f0be,0.6828827113480579,0.23247946360570124,0.07393101947557393,0.010706805570666956
c3dde859,0.8455870218173417,0.12593656137571377,0.026234720709421174,0.0022416960975234074
ef9617e7,0.744230859174033,0.16837378981338572,0.0729900378841027,0.014405313128478555
3d6143f3,0.9027803252629004,0.07669203961848862,0.017119100024455856,0.00340853509415505
d5b089a4,0.7182354429035814,0.19673431405918704,0.07385109246531497,0.0111791505719166
db9eae59,0.8063459158018272,0.1394465312905561,0.05010429471502058,0.004103258192596146
4a475a9f,0.993229950237241,0.006365004050457123,0.0003471820391158431,5.786367318597385e-05
fecc07d6,0.9271288078675941,0.05814343967378268,0.013960182297913168,0.0007675701607100024
3875d4de,0.8614809024334278,0.11212747008287734,0.022817518191399582,0.0035741092922952473
012cadd8,0.806600857307724,0.1326869178138653,0.04681188690132718,0.013900337977083505
dd747bba,0.7869255881524363,0.15244734385443537,0.048988305999458664,0.011638761993669663
36c060b9,0.8183690975752739,0.14412233258592194,0.035385568225852926,0.0021230016129513037
2bbcfd43,0.8673778551284331,0.11502769379303336,0.014793312838232679,0.002801138240300821
73ec551e,0.8229796054046655,0.1408905909991145,0.03109610125507351,0.005033702341146466
ed711416,0.8355542119792205,0.11861480815586192,0.04087212247051866,0.004958857394398878
215ca39b,0.786318332035279,0.1892300082093165,0.023065021996758372,0.0013866377586460943
1c063ebc,0.7830369438069149,0.1844998889464722,0.029543199822314355,0.002919967424298512
1e5f6199,0.6298527198942137,0.26459805754411564,0.08838630249418632,0.017162920067484384
d19e1025,0.6910954312529116,0.24175387167513152,0.06184454215950279,0.005306154912454125
73ffa609,0.8687188339087073,0.10903337169159955,0.02090525508247027,0.0013425393172228615
d0ac4f1c,0.8637852076511316,0.12419193078698389,0.011285781606834301,0.000737079955050206
350cf38b,0.8087357344228189,0.13371575884578854,0.04695391295171187,0.010594593779680693
6dfe4a75,0.9167019609504045,0.07379240608191097,0.009428867900554826,7.676506712972767e-05
25a3a723,0.8742138364779874,0.11161794180662105,0.01313152256548483,0.0010366991499066972
8a645723,0.8785354634176664,0.10853484179772487,0.01243239883135451,0.0004972959532541804
68be3d5c,0.9840868213273176,0.012925647044477639,0.002835106545133067,0.00015242508307167026
709457f3,0.9823212913143735,0.014306943376889572,0.003361516781962593,1.0248526774276198e-05
4aa87859,0.8226654500793368,0.1098086015578383,0.05737136863398828,0.010154579728836599
47350ac6,0.8716525934861279,0.107974802305321,0.019568422463476745,0.0008041817450743868
b7a61f8d,0.7763582385867517,0.1658777501018698,0.05045389510320254,0.007310116208175933
4950e24c,0.999034749034749,0.0009652509652509653,,
bb0d7d92,0.9008336375639228,0.08806583458456742,0.0108644632137181,0.00023606463779175257
08660d12,0.8644452241139466,0.11458371803867981,0.019262966108997796,0.0017080917383757433
1957153d,0.8449451849010772,0.12421133378080353,0.026375171796592833,0.004468309521526512
da19c97e,0.7808846818747809,0.15272791015365272,0.05486647565855487,0.01152093231301152
c8fbbc8a,0.7990751991359525,0.1410297209203649,0.05325319678296592,0.006641883160716696
ffcd4dbd,0.8730431664042407,0.1030633826170047,0.022051147263933344,0.0018423037148212105
9fb96ae3,0.8449477492285257,0.13207587709050086,0.021775854798986943,0.0012005188819865767
38cccd6d,0.8458591850279102,0.11416053248294683,0.035965180417978186,0.004015102071164792
19098ef0,0.9223463763932984,0.0579859536277299,0.018733077694855618,0.0009345922841160544
cb3b7c3c,0.8109077934655181,0.1419975533921199,0.04201284469137061,0.005081808450991386
11739de2,0.9272676991150443,0.06922935103244837,0.0034107669616519174,9.218289085545723e-05
fdc11b96,0.8656897191075683,0.10780304182306631,0.022705627185926832,0.003801611883438578
6247cc15,0.6830305861854562,0.2554949397725796,0.05528487271271046,0.00618960132925377
1911731d,0.8661268068331143,0.10794678055190539,0.022703679369250985,0.0032227332457293034
f8ff0bc8,0.8418410041841005,0.14309623430962343,0.014225941422594143,0.0008368200836820083
080698b7,0.7350199577365579,0.21877201220943884,0.04104836816154027,0.00515966189246302
7dc65b92,0.8019521053228919,0.14632971411997628,0.04796781800527119,0.0037503625518606793
7b8842c3,0.8248378728923476,0.15123216601815823,0.020168612191958497,0.003761348897535668
fc8e4de4,0.6904970653029864,0.23136762300700436,0.06618610538128744,0.011949206308721837
6d707ac3,0.8986730017282075,0.094143976508613,0.006907732071758846,0.00027528969142064775
ac3ba541,0.6014621390975787,0.2817299992484574,0.09987482928320976,0.01693303237075411
f5ad7abc,0.8287639248257653,0.1336195882980067,0.03374558355776545,0.0038709033184625642
ebd6f819,0.697889970702258,0.2340682430232902,0.0582699535379243,0.009771832736527477
3f1cf5ba,0.8487078183333937,0.11756799207413583,0.031135597520751023,0.002588592071719405
4442c376,0.8013715299706409,0.15854541421622237,0.034377589717838206,0.005705466095298536
3c8f474a,0.8778400528750826,0.09171183079973562,0.023989424983476535,0.006458691341705221
83846d0c,0.727035113484298,0.18908484780504856,0.0621770308094022,0.021703007901251313
001f3379,0.9424433171455968,0.04921278109437347,0.008011382968851495,0.00033251879117819914
948e1435,0.8797704108600887,0.0925010416083677,0.02705694333028624,0.0006716042012573923
bd4ccd4c,0.7613727942198139,0.17399842526978834,0.061488583205965446,0.0031401973044324024
5ee595e8,0.7645879680216333,0.17107273217986915,0.05977994565459486,0.00455935414390265
b9c085ab,0.7833307026185591,0.16743592395238588,0.043110158006172204,0.006123215422882865
2bac0893,0.8381790923192914,0.1221997868154914,0.03543109200731413,0.004190028857902993
5ddbac80,0.6762215951284717,0.296376058220704,0.02699391058963315,0.0004084360611911481
e4762a2b,0.624983572085688,0.26337232224996715,0.08581942436588251,0.025824681298462347
2f154763,0.8007703418391912,0.1512277323062109,0.04198363023591719,0.00601829561868079
0983654b,0.6143620971335214,0.26529778701915935,0.09527699391058964,0.025063121936729542
f6d879aa,0.888485238058858,0.08529443532644346,0.023857256889652283,0.0023630697250461683
c5cfaeae,0.6280378938839347,0.2814153205481517,0.08084248411273949,0.009704301455174136
a9b84b96,0.7941331362822976,0.15749101827777026,0.04453776183478043,0.0038380836051516345
cd703872,0.8835286235977196,0.0953616372855529,0.019172161942043454,0.0019375771746840765
898096eb,0.6744181515290266,0.22096765289454798,0.08322048704134882,0.021393708535076526
14391970,0.7377961676764692,0.20502156825490653,0.044424271851492184,0.01275799221713216
677038b5,0.7397178326121224,0.2182801849676656,0.0379934763528708,0.0040085060673411554
ea544af3,0.9095914317605995,0.0809872255984125,0.009031555075211282,0.0003897875657766517
ec6b57b4,0.8288030911837548,0.1337080845553854,0.03453945678200372,0.0029493674788560152
69b65679,0.9875118979630687,0.010470207500475918,0.0019798210546354464,3.807348181991243e-05
e4d396d7,0.806469478342315,0.13363830104928803,0.04977398905917007,0.010118231549226947
eb93a46a,0.6972976730099941,0.23258977554252577,0.06083338711839499,0.00927916432908514
9eb283e4,0.7894095595126523,0.18603561387066542,0.023898781630740395,0.0006560449859418932
aa1700c7,0.7988302432474307,0.16583819656045035,0.03234906780974023,0.0029824923823787634
154d1191,0.7476378995227362,0.19376650887038963,0.049579891630769625,0.00901569997610452
04afb6f9,0.8085735364941439,0.16589900708057095,0.024830670861042514,0.0006967855642426044
6197a2ce,0.8037837330564891,0.15492424908940544,0.036180371041626344,0.005111646812479105
b41cee02,0.9487669028196349,0.04481120911371633,0.00632721649809868,9.467156855010493e-05
24398aed,0.9939300297980356,0.005783026156053416,0.00024279880807857851,4.4145237832468826e-05
f3020788,0.877004089077163,0.1096150047698896,0.013208601770952844,0.00017230438199461234
a922ef3f,0.9107781602213674,0.06717509167397809,0.021191874198555713,0.0008548739060988504
ce6eeadf,0.8002361423561138,0.16696941327706905,0.032501013036734805,0.0002934313300823005
8078b7de,0.8049483609050396,0.15047671942978802,0.038724692876317426,0.0058502267888549475
7e46b693,0.9307444523979957,0.061769267477928894,0.007197963890877276,0.00028831623319812297
4d61a44e,0.7460563955864323,0.20056872360713798,0.05020092630431821,0.003173954502111429
e0283d3d,0.7475324758023434,0.2103471514688402,0.03869502462217694,0.0034253481066394975
c5462e87,0.9352013514661331,0.048622580432053905,0.012882341282949065,0.0032937268188639
f44f1227,0.8674608133620892,0.1057316966655245,0.025221884049207534,0.0015856059231787367
5ef3d64e,0.8675335714960358,0.10843440432470873,0.023601442310363412,0.00043058186889198785
fdf4691f,0.8067791588272767,0.13768684908371728,0.04307491740863098,0.012459074680375106
83eda373,0.8100973632032198,0.14733212985706254,0.037953893048444855,0.004616613891272824
0f6b71c4,0.8869396533546999,0.07169063382954498,0.04107451608822165,0.0002951967275334205
5264bb0e,0.9508730508782399,0.034013958436032485,0.013063331863113925,0.0020496588226137044
8e59a69a,0.8575568459725139,0.11590583960664756,0.02501847976787205,0.0015188346529665085
0d279d77,0.818632188957928,0.13812841272829976,0.03814305738613778,0.00509634092763447
db3b1dd1,0.8308107997251873,0.12048943304519026,0.036717732590929135,0.011982034638693205
af485add,0.8243925120980936,0.12728055522069334,0.04139700690581569,0.006929925775397386
7c21ad67,0.8097158807140122,0.15244126587348872,0.0333707697105061,0.004472083701992917
4307d287,0.7901730990676423,0.17424129861446455,0.033895471936406525,0.001690130381486572
7265f1e5,0.8413910583714351,0.1088927040153712,0.04131455816684161,0.008401679446352008
cba39753,0.8324682742070431,0.13973376886889344,0.026139648598954915,0.0016583083251085916
75ad73ee,0.8239235564877935,0.12059663229039212,0.0396977995299967,0.01578201169181767
ac1ad4a7,0.7894647784212362,0.17454183803495396,0.03317897237733138,0.0028144111664784636
c1373df0,0.8222963458004153,0.13008091271451416,0.041939160321741414,0.005683581163329117
8376acc5,0.6719280443960064,0.25348566274568757,0.06514086712515815,0.009445425733147932
481a1861,0.8528556939798065,0.11999515599218903,0.02392485732883244,0.0032242926991719774
e0869709,0.5939142123915434,0.24893071000855432,0.13271416350971527,0.024440914090186974
0eddd8e5,0.8211140457159128,0.1142113322234135,0.052050010314700045,0.012624611745973634
dc33dcef,0.8579667328171863,0.10866461686578681,0.02909993605187585,0.004268714265151104
745e6065,0.8844883896206439,0.08929404586727918,0.02451279474572013,0.0017047697663568173
58dfccdb,0.6985361626064701,0.18787763890205425,0.08307175646945712,0.030514442022018497
bf31e0a7,0.7877761057961623,0.1577523807431653,0.04520116867853652,0.009270344782135913
1eda934b,0.7464065926292707,0.22296809789912994,0.028733111692721226,0.0018921977788781213
f35b607c,0.8193686020000103,0.1529601284618037,0.024976968486713776,0.0026943010514722155
de91310c,0.9195865893622385,0.07121250315099571,0.009200907486765818,
063b16fc,0.8729337118049758,0.09912415185415686,0.024484281789341065,0.003457854551526283
a40c8316,0.872488311805925,0.10909924493700261,0.015848398745712443,0.002564044511359906
03a9019b,0.8325191058842164,0.12066900293022888,0.041434030252633244,0.005377860932921518
58ada72e,0.8875772484550309,0.08995320093598128,0.01883962320753585,0.003629927401451971
9d0670dd,0.5880732550628823,0.2944324125789987,0.09278468026900719,0.024709652089111796
b95aad8d,0.9070492963979113,0.07778896362509957,0.014791131958580405,0.0003706080184087087
75b0446f,0.7911421413537314,0.16608151223484494,0.0376056281621701,0.005170718249253538
02cebf33,0.8329523661933634,0.1369835150998586,0.028620963524010615,0.0014431551827673711
6b773506,0.8432756556583072,0.13775641375226907,0.01720981325521787,0.0017581173342058997
43f44f6c,0.8405307425465782,0.1377567890917617,0.02015234499467935,0.0015601233669806952
15dbc929,0.7985847912744235,0.142460893755807,0.04795742930086945,0.010996885668900011
ab36aa48,0.5996465737286472,0.3175927743962301,0.06940899273512664,0.013351659139996074
a774c63b,0.7143200520699704,0.21604716545449143,0.059048642750850054,0.010584139724688134
63fc9770,0.9040970883722517,0.08241083459839323,0.012954781926416156,0.0005372951029389189
ae712150,0.6114239293554429,0.32174527775366185,0.06621686986072009,0.0006139230301752471
5c2c136d,0.6917329787867362,0.19696187962613856,0.10299049471156708,0.008314646875558114
a1942b0b,0.6363896983433166,0.27304584210242294,0.07514772543305812,0.01541673412120231
15f217a6,0.7190032366339008,0.23004075761208342,0.04548669383840805,0.005469311915607768
29c54890,0.8901413477663532,0.08805266683290064,0.01821973197217048,0.003586253428575619
7a6d26a2,0.8778604378316401,0.09877609791216703,0.02040903394395115,0.0029544303122416874
1fed3943,0.8466878321622644,0.10978771472362109,0.03658014689782838,0.006944306216286152
2a9e0dee,0.8343214766900482,0.13097126683747815,0.03043589238230324,0.00427136409017037
f8bf4a1c,0.8507430086776424,0.13177579459401123,0.01594198802038231,0.0015392087079640561
806d877f,0.7043247219644226,0.20114473369732222,0.07903566739402366,0.015494876944231479
e28c0bfa,0.9043231501121338,0.07332047233766192,0.017995796182011883,0.00436058136819239
24ab10c6,0.707536642551751,0.21821282144513962,0.06266534598843988,0.01158519001466956
1d78b3c3,0.7599252455596442,0.16815692637556862,0.06258221539709674,0.009335612667690436
0745c390,0.8574061595782632,0.10575131792778152,0.029192595822268026,0.007649926671687344
99b15811,0.8588200977174943,0.09976205330978175,0.035041093744513856,0.006376755228210052
bea525dc,0.8554952162089908,0.125158987127106,0.018041494627517803,0.0013043020363854361
08577722,0.753344697556692,0.1723746061263495,0.0626581951547084,0.011622501162250116
e4614ec6,0.7994449529953649,0.15607282449181234,0.03894047048225157,0.005541752030571175
e1e02e28,0.7169994734497145,0.20942525011138563,0.058791364575316946,0.014783911863582973
c8270746,0.8473982817312369,0.10974766304641487,0.03614308099637975,0.006710974225968553
2496c491,0.8392970291778669,0.13179586379382052,0.02591758292370433,0.0029895241046082217
4b0f961e,0.7377925224619312,0.19383870522703364,0.05526238639695104,0.013106385914084192
0d4fa8f4,0.6968989705288655,0.22422852745256358,0.06948299354057327,0.009389508477997579
92622443,0.8194479634733418,0.14393747446908625,0.03350948586556907,0.003105076192002813
d6cca65e,0.8969446148869474,0.0810610281148831,0.02004574990565045,0.0019486070925190432
e4e58096,0.8978910241361192,0.09008563347531051,0.01061754480106427,0.001405797587506009
419d05c6,0.9606678275120353,0.03300727235480897,0.006299293250025607,2.5606883130185393e-05
11f9b26c,0.748976573943625,0.1910127285884586,0.050921345643578544,0.009089351824337788
7bdbf66f,0.7565060551404277,0.1560809069827364,0.07034269518165422,0.017070342695181654
6d5944a9,0.860571717780013,0.11128764630888392,0.025161604448686984,0.002979031462416155
5f78f7b9,0.9722026576513124,0.027186927736300888,0.0006104146123867212,
f75c957f,0.6893579883270605,0.23894070801287295,0.06106474663175694,0.010636557028309606
2a3fcf9a,0.6867736206754438,0.23939139622189085,0.06503038522925675,0.008804597873408615
df98fbb4,0.893366555312318,0.09100371795580739,0.014741711040344538,0.0008880156915300218
678598dd,0.6803747273808737,0.23816172097019364,0.07167404665917652,0.00978950498975613
efa35d35,0.9492324971920629,0.047772369898914264,0.002995132909022838,
06eb8adb,0.764962874606916,0.18198861982570183,0.0434775164510293,0.009570989116352865
a614af1b,0.7460512402520156,0.21705511741639863,0.03253183240075781,0.004361809930827863
cd8f3c61,0.6900911854103343,0.22483485309017223,0.06690172239108409,0.01817223910840932
331733c7,0.802164355765979,0.16648538968457804,0.030856693690647023,0.0004935608587958943
416b6ba2,0.7815525155660592,0.16579178596858005,0.044831007892863095,0.00782469057249769
cbcf8cf2,0.8480685861518956,0.12384462803157335,0.027682916854116398,0.00040386896241462514
04f094a8,0.8505976571521099,0.10264094648294096,0.036857515243376396,0.009903881121572729
0e3b0bd2,0.9891962970755313,0.01055123080159899,0.00025247212286976645,
48df987b,0.7883608352864783,0.15826187284538618,0.044303180119446076,0.009074111748689466
a00c85e7,0.8805573205977002,0.11104648779387952,0.008250148605161212,0.00014604300325906492
0ec403df,0.8302701271186441,0.15834216101694915,0.011334745762711864,5.296610169491525e-05
d05f5d71,0.9361190873183104,0.05336627935891362,0.009310567769259159,0.0012040655535167876
9e027e04,0.9563200559687305,0.034296056333743975,0.008973247555170264,0.00041064014235524937
b9cf3f7c,0.8658622118355598,0.11849912125585942,0.014780232725027554,0.0008584341835532676
34ec5de4,0.888552522190405,0.09877984263077014,0.012256157469999916,0.0004114777088249372
659fec57,0.9163998476663329,0.06898740426252169,0.013434983144561829,0.0011777649265836353
f6c20447,0.6480210033595012,0.2639237937318099,0.07826601376618217,0.009789189142506758
a6969e1a,0.8516519938732507,0.11747731382100979,0.026303838244793532,0.004566854060945922
7800a084,0.7948281447071878,0.1670951274929413,0.03592868022578622,0.0021480475740846675
b802aec3,0.6061855670103092,0.2865979381443299,0.09948453608247422,0.007731958762886598
43629a34,0.7559755791586519,0.1862423684870787,0.0458978004516183,0.011884251902651168
a08ebf6e,0.7189765134000837,0.1862740540060777,0.06386647675642321,0.03088295583741542
22e44415,0.7309925352502074,0.21813657727398397,0.048382637544926735,0.0024882499308819463
3950aa00,0.875049204296238,0.08454352471461508,0.033030141146038354,0.007377129843108587
a4e0447e,0.8860580234712258,0.08764273765364754,0.022756735249194592,0.0035425036259321536
836b4de3,0.7989002173083364,0.15555849800216529,0.0396685074266487,0.0058727772628496214
d77ac332,0.9705109621308208,0.025049827867367275,0.004122123573111071,0.0003170864287008516
764d8b42,0.7943488956376243,0.15578564197783407,0.044620331177584405,0.005245131206957142
3d736110,0.9071528454381617,0.07894431290985365,0.013559561611194967,0.00034328004078974604
ca3204b0,0.7874672914778266,0.1454567221357596,0.0657761967471054,0.001299789639308375
108b8659,0.7949646334682477,0.15040926900546986,0.046603649153660144,0.008022448372622296
c73dd2e4,0.8809523809523809,0.08965201465201465,0.024084249084249085,0.005311355311355312
064e8da5,0.7157704158377408,0.22799201805036634,0.04692428065408317,0.009313285457809694
6f49c8d0,0.5979362101313321,0.3690431519699812,0.03095684803001876,0.0020637898686679174
c6da0d4b,0.6898732065398732,0.2272439105772439,0.07057057057057058,0.012312312312312312
3d48430d,0.7234716689358411,0.20881448237607786,0.06390667809658279,0.0038071705914981594
c8cc2e1b,0.8974936637566883,0.08744418071368226,0.013895482157943437,0.0011666733716860442
e8e82627,0.8311538577320209,0.11125560673108763,0.0454529034588639,0.012137632078027635
72c9c38d,0.8673205099875124,0.09282451064529557,0.03573098724003433,0.004123992127157709
51f38b37,0.7742751279186026,0.1720284655649003,0.05169675939540081,0.0019996471210962773
79bd36b6,0.948272188252733,0.04959699833240689,0.0021215490087085416,9.264406151565684e-06
0c4eabac,0.6813710843661483,0.20790955050136845,0.08556130558975034,0.025158059542732848
1606f203,0.7969038921550587,0.14932144440791162,0.0473887901831904,0.006385873253839216
bd8397cb,0.579397228413606,0.2918112220176374,0.11437154763058435,0.014420001938172304
93fda84a,0.6460700323204381,0.27145780700887756,0.0728183704289162,0.009653790241768169
4d19854c,0.9214655292966019,0.05963734675802918,0.016864774157460495,0.002032349787908451
9e4385f7,0.8769914544041196,0.10103378725624133,0.016515287293688036,0.005459471045950979
9cee3c19,0.7025095785440613,0.1979214559386973,0.07886015325670498,0.020708812260536398
a8d9de72,0.85302470888952,0.10426556308408055,0.03504145196846134,0.007668276057938086
a5099438,0.8605072693394851,0.11486443664203415,0.02327202666903274,0.0013562673494479866
ebf2b0c9,0.8034525461539813,0.16349751444782096,0.0306741730927998,0.002375766305397952
440acf4f,0.6890729980736402,0.2345108142394011,0.06583295484800551,0.010583232838953188
f11e17c0,0.8081867041915896,0.15543890125812165,0.0354033992421685,0.0009709953081203275
5e359a08,0.984570444161486,0.013257433900082391,0.0020972211819339373,7.490075649764063e-05
86a8e0d6,0.8771397114838474,0.09410288919935288,0.025311787491890697,0.0034456118249090815
9aa1a2ae,0.9366326063748666,0.04590513954552387,0.016318438310202837,0.0011438157694067409
fe9c71d8,0.8137307792367834,0.13943833609464215,0.04212616214587926,0.00470472252269522
92293b06,0.8800619966764668,0.1026971749968043,0.015793173974178704,0.0014476543525501725
3fcef947,0.6665127814582926,0.22174633876761538,0.09225362079539558,0.019487258978696447
f869d220,0.9540046204857495,0.03167007816521229,0.013987144037059647,0.00033815731197854945
00115b9f,0.8141472420955458,0.1401569351488576,0.0412647126702054,0.004431110085391184
bba6ff20,0.9993199591975519,0.0006800408024481469,,
a3391798,0.8217850533657514,0.14238346783667413,0.03223592334761524,0.0035955554499592134
0d570d3e,0.9863305894370006,0.013188727993751127,0.0004806825692483326,
55f9338e,0.8504149202229482,0.11540698975253949,0.029961764691258583,0.00421632533325378
f1bd0f59,0.7835319399505861,0.1789280706120888,0.03341204751989607,0.00412794191742902
fb04f7dd,0.8558168992552797,0.10222433335517264,0.035139443971259475,0.006819323418288235
52e9e467,0.8717334107358545,0.09174071403825806,0.030514695555285062,0.006011179670602335
d2d9b474,0.9025771053788568,0.07008895500454712,0.02224176247749023,0.0050921771391058725
a65b2226,0.8381808917738348,0.12545445860379703,0.03127205948697263,0.005092590135395492
24a3b16d,0.879140230838344,0.09642960812772133,0.02304513096965927,0.0013850300642753474
0cbe4e54,0.8581239442567568,0.10804476351351351,0.03008076435810811,0.0037505278716216217
50707f1e,0.6536200574206202,0.25081156371699026,0.07860086983711874,0.01696750902527076
e4ab3b12,0.8024796249933415,0.12409044904916636,0.05112129121610824,0.022308634741383903
7f26f78c,0.9334161931818182,0.057084517045454544,0.009410511363636364,8.87784090909091e-05
35198c2d,0.9362773334514921,0.0592086314996566,0.00435341294281853,0.00016062210603274475
23e71e7c,0.880602596292537,0.0954110796516908,0.021368662855921792,0.0026176611998504195
f584742f,0.9275567407348663,0.06044331874439284,0.01129858092401029,0.0007013595967306234
6c0fe935,0.910305311557099,0.07455804000495625,0.011667275034911407,0.0034693734030333575
5ea2c305,0.9661357161357161,0.02012108262108262,0.012723387723387724,0.0010198135198135198
14b3d6e5,0.7160119492158327,0.21304854368932039,0.057436893203883496,0.013502613890963406
76781cd8,0.818465794299568,0.1415084076710285,0.033852143101358284,0.006173654928045255
d661ddf7,0.8565912851627138,0.13182001694520104,0.011145165784341042,0.00044353210774418435
3acb5be3,0.8579872301611432,0.09761021587108544,0.03823654606263302,0.0061660079051383395
4177e5e5,0.8265682105247424,0.15454525071188874,0.017597291459577426,0.001289247303791508
8f2d131f,0.7842432254584042,0.16570134512665768,0.04060278747710202,0.00945264193783606
14a6e58e,0.7405172009931759,0.18910161312990928,0.05873167075284601,0.011649515124068898
8823b020,0.8676591243324131,0.11229649887768002,0.018919476766686448,0.0011249000232204133
4280076d,0.8471864594894561,0.11398723640399556,0.03382630410654828,0.005
05db1b9b,0.8321367918564561,0.12387535921872277,0.035342680139006113,0.008645168785815088
a4f13c0d,0.7569831379258027,0.16866259633041922,0.06101318935434422,0.013341076389433867
4b3c7594,0.7436896083849243,0.17499629204409994,0.06670200669080042,0.014612092880175346
93c93585,0.8011664610405217,0.1519411642178462,0.036749931903029914,0.01014244283860217
2cd9b5a3,0.894189749968034,0.09017598716711807,0.014288786339490172,0.0013454765253577282
bbe5bedd,0.8576442812345818,0.1195674129213204,0.021659155554525376,0.001129150289572413
9e052412,0.7839408399581301,0.16332770215147963,0.0443700314024153,0.008361426487974959
3216b978,0.8930467091295117,0.08089948733882243,0.02403422919579514,0.002019574335870747
b074f33b,0.6358909321496512,0.24293313605298386,0.09741774113999858,0.023758190657366306
579e50bd,0.8177380723792584,0.13578437812654748,0.04130327131610595,0.005174278178088145
9540fa8e,0.72613178943935,0.17895876112886128,0.07128154567311851,0.023627903758670195
2cda86bd,0.963463118556018,0.03152084603355509,0.004731108696228365,0.00028492671419862707
f47abc42,0.7707479598772586,0.183573721411761,0.041533245062254684,0.004145073648725636
c2b40d6f,0.9339645514055661,0.05077392269705361,0.011905521456735615,0.003356004440644659
6c737069,0.6750424342946606,0.23132309743224078,0.07858288832223712,0.015051579950861474
c9902f48,0.9201585026557626,0.0723379141724981,0.007250653401905404,0.00025292976983390945
47240aa3,0.8115251142499961,0.13134210676474098,0.04792534456553878,0.00920743441972414
5f9dddb4,0.8462294134643167,0.11152845998266397,0.031089280554752963,0.011152845998266396
6774ba64,0.7711752620176358,0.1830206176501155,0.03903683036606522,0.006767289966183536
325afd3d,0.7797944004978301,0.199903803563616,0.019318092267056525,0.000983703671497322
84875079,0.8485359471694979,0.11487588431559857,0.03130511830100649,0.00528305021389708
1f2164a4,0.8222915191070843,0.1359718967328526,0.03384798946602842,0.00788859469403471
c73f149c,0.79513956583286,0.17360752036482924,0.026523017978690038,0.004729895823620659
53905a2c,0.766475941675067,0.18818735535899364,0.04155722459642497,0.00377947836951429
1eedf45e,0.8353683435611049,0.11567063316328585,0.04157632294835886,0.007384700327250349
3ba48ca7,0.44041801137236825,0.4595973566927924,0.08200399569694175,0.017980636237897647
c38a5c9b,0.8606863832836373,0.1074619189607748,0.027722880983750548,0.004128816771837367
7c194077,0.8890344815819556,0.08140110218218423,0.023313029977308015,0.006251386258552149
c09d41cd,0.7567884191595532,0.21131487626332987,0.030335748119253273,0.0015609564578636743
f1049268,0.8065950768664524,0.16760328663297333,0.02332746028879021,0.002474176211784031
aaefeff0,0.7492729538845035,0.24040991552416563,0.01017864561695056,0.00013848497438027975
63d4ab9a,0.8300337507526252,0.1386957074124607,0.027199460871774758,0.004071080963139317
432aff11,0.8019879711549284,0.16174706484651008,0.033308536307512404,0.0029564276910491885
40087bc5,0.7838269054178145,0.15492424242424244,0.05716253443526171,0.004086317722681359
067b9287,0.8327227785524147,0.14011915325136265,0.025605273165166687,0.0015527950310559005
abaf745c,0.8355519370377908,0.13179998643055837,0.02990704932492028,0.002741027206730443
f6c0e2b7,0.847713698089818,0.11971037358426777,0.026772130500929733,0.005803797824984505
055156e2,0.8269230769230769,0.15913461538461537,0.010576923076923078,0.0033653846153846156
9052579b,0.7974730290794451,0.15325565418568593,0.041632837044861475,0.007638479690007522
119e181e,0.814366909613431,0.14120403562134473,0.03942266330263194,0.005006391462592402
4a17b463,0.8008648805604094,0.1677469031779694,0.027504549956185606,0.0038836663054355775
3c0aba64,0.8674255524680684,0.12237778917365326,0.009847825309179378,0.00034883304909899706
9f70688f,0.8150866371834411,0.1525645387064932,0.029763929708718374,0.0025848944013473797
23567787,0.927675068047651,0.05479161511541589,0.01385697620983421,0.0036763406270988726
380029ef,0.5430414730163244,0.32167136166922894,0.11587029351911918,0.01941687179532751
f6d6f400,0.7875644824936889,0.17316979475359456,0.03516353857973878,0.004102184172977719
613fc399,0.660570120071632,0.2380295335114347,0.08703285089393183,0.014367495523001497
ee21612e,0.9340705149301213,0.05638561618289124,0.00889664099695035,0.0006472278900370784
9ddfb9e6,0.8654866086638157,0.10804344620328796,0.024476626817250338,0.001993318315646023
cadd4ae5,0.617444561190068,0.2241515972644657,0.12055982598757581,0.037844015557890465
abac67cc,0.9418040177822513,0.05484870407649723,0.0032712632108706594,7.601493038080859e-05
db38d1f9,0.6537077033837293,0.25531870493838754,0.07994490875512568,0.011028682922757483
97bb0cc0,0.8556332968079182,0.10118288454974941,0.03485332950115863,0.008330489141173724
d445fb74,0.8849196610316303,0.09419557570245468,0.017809794665242268,0.00307496860067274
4e85505f,0.8807340435439845,0.09652679767593475,0.02151049912955016,0.0012286596505305088
f81598bf,0.9322107827048317,0.05049750384356268,0.016479814818013784,0.0008118986335918741
21a76448,0.7794117113751999,0.18588281371827278,0.03139811930414979,0.0033073556023775247
6a16089d,0.891962847369316,0.08762798954469872,0.01863395206353872,0.0017752110224466212
1b32427b,0.8658536585365854,0.12714543812104787,0.006662149954832882,0.00033875338753387534
cd39e576,0.8192820743405276,0.15520083932853718,0.025067446043165468,0.0004496402877697842
1e08b1dc,0.8935509554140127,0.09904458598726115,0.0071337579617834395,0.00027070063694267516
2fba6cf4,0.8068384694652119,0.14989419582465768,0.037941080432376505,0.005326254277753983
5d885b20,0.6800100656201002,0.2496660924101353,0.057703102920965525,0.012620739048798901
0c98f822,0.8584044178687874,0.10162782583586992,0.034529638942695236,0.005438117352647473
bc6bd8b2,0.623981448265259,0.30406011377030695,0.0638292420437657,0.008129195920668273
101c27f1,0.6618723538954615,0.2374915918173545,0.08302833062952558,0.01760772365765837
ef07f833,0.8089454830953432,0.14443790176161736,0.03852004514451151,0.008096569998527897
3983d3cd,0.7259156876295785,0.22418797512093988,0.0471638934665887,0.002732443782892988
9570bfb7,0.8509329962073325,0.11963590391908976,0.025284450063211124,0.004146649810366624
c6ead822,0.6758634680732363,0.2775067200892631,0.04563574580311407,0.00099406603438657
43720c15,0.7783293612729053,0.19480236939173087,0.026363933032050077,0.0005043363033137862
22f43a12,0.8081648442054451,0.12631917316378177,0.05090087881313916,0.014615103817634015
26aeacdf,0.7003644598563391,0.20218675913803474,0.06921198825236191,0.028236792753264215
f0957ca1,0.7195432376569293,0.2106136662152668,0.06253245497031962,0.007310641157484243
5b9ff85e,0.9879128973162855,0.010812291072541502,0.0012464824642580597,2.83291469149559e-05
07048067,0.7406258324323477,0.2219715131857284,0.035632021811686176,0.0017706325702377035
c446e1c5,0.9747144072431184,0.023384172895019345,0.0018431872961860202,5.823256567620668e-05
02cf7384,0.8512124224974799,0.1196576770647776,0.028332435754035653,0.0007974646837068645
ec9195be,0.863894720288361,0.10874443659528368,0.02431797588172008,0.0030428672346352677
39fb1ad0,0.8835839359937103,0.08648248671834805,0.025031361463265175,0.004902215824676414
f57de847,0.8059673822363507,0.13694880505133672,0.046156698310223176,0.010927114402089455
32dcc8ab,0.8397232909144717,0.12226250369931932,0.0334196507842557,0.0045945546019532406
a5974a7d,0.8521727189883531,0.1164692224150199,0.028499382076472717,0.0028586765201542934
a808ad0a,0.9121963016948931,0.06493277294446007,0.02118452960670375,0.001686395753943094
913bea9f,0.9118509777478085,0.07771409305461902,0.010300067430883344,0.00013486176668914363
c96b9609,0.8094931676407663,0.14091792152008722,0.04072364807816842,0.008865262760978088
685cc0f1,0.88650241760953,0.09687601404171214,0.01629707500087157,0.00032449334788636834
65fe69c0,0.9804407868778535,0.017882306521616594,0.0015500817315822106,0.0001268248689476354
aae9800e,0.8878107141429884,0.09251988170882788,0.01802841385924949,0.0016409902889341806
f32a9580,0.9513012880095605,0.034922321072898686,0.013776390917540831,
994ee014,0.9723223490099889,0.015122107283779461,0.01144644698019978,0.0011090967260317798
855c6099,0.8523327787835788,0.11421991975338847,0.029202549297842148,0.004244752165190586
5b66b6f2,0.634343670079835,0.2710114064004201,0.08355941927516361,0.01108550424458123
f0d76b32,0.9272858203749128,0.06934311497175777,0.0030560118819902334,0.0003150527713391993
b37281d5,0.8238060637429578,0.12091652897497661,0.04243226564210778,0.012845141639957796
83711ef5,0.9186216018261074,0.06828702880670141,0.012287825239818811,0.0008035441273724107
26d541c2,0.7974006116207951,0.19537886510363575,0.007135575942915392,8.494733265375468e-05
6699c999,0.7116167650254148,0.23314484165796434,0.04805183470915203,0.007186558607468844
6e128c6b,0.9698611302076172,0.02736147394472707,0.002722397910078372,5.499793757734085e-05
c6d4b453,0.7347711824114276,0.1765362048516957,0.0717592229763267,0.01693338976055006
8e749c85,0.863463663590961,0.11776581163874061,0.017763078256727047,0.0010074465135712417
a49eda7f,0.7382301209629558,0.15568450357709365,0.08530262320201137,0.020782752257939206
2cb0db2c,0.8300492014597038,0.13069251205829133,0.03291595809705941,0.006342328384945443
119d7562,0.7750865353342935,0.18403277888770153,0.03741636853598476,0.0034643172420201645
13fca10c,0.7964102893418711,0.17084380676293048,0.030934077023283123,0.0018118268719153074
f5b2acf0,0.8180602159634611,0.14884501277602794,0.0306367435133791,0.0024580277471318245
eaab7a96,0.8809352506878205,0.09020562052067475,0.024570092851915554,0.00428903593958913
10ad8c48,0.8764580782367726,0.09538846794759664,0.025419125567350095,0.0027343282482806875
31648caa,0.7456003479490038,0.18416832033055155,0.06211161551635089,0.008119716204093838
b08f0ca4,0.831907654402628,0.13141755504951658,0.031000517297467375,0.005674273250387973
e892aec6,0.7149282593487243,0.20635172058765294,0.06746393167808445,0.011256088385538352
7d8f1716,0.8900294783230109,0.09072772748928061,0.018148523106241068,0.0010942710814673654
0720320e,0.9983184520285152,0.001421026454775833,0.0002605215167089027,
2afea280,0.8228933009359964,0.14613593869775152,0.027505678491317496,0.003465081874934588
7ce36c38,0.8943580780508863,0.0827915326422852,0.01792548683095292,0.004924902475875612
ad380962,0.7953912298433644,0.15115360343951856,0.04716255111307212,0.006292615604044923
113f5798,0.779597407028318,0.17434322756738316,0.04605936540429888,
b9e90f7f,0.7935907529943882,0.1590786498031661,0.04211072954183767,0.005219867660608091
a302a015,0.9861420738687715,0.012743266855455805,0.001054407423028258,6.0251852744471894e-05
2a6a6b92,0.9858524287918125,0.012501410994468902,0.0016367535839259511,9.406629792677879e-06
7c39c8e5,0.8472175182481751,0.11385693430656935,0.03159513381995134,0.007330413625304137
8abbbc38,0.6185346010614479,0.2922679563517859,0.07864941308348573,0.01054802950328055
72a0c969,0.8069865227011699,0.13788438203632447,0.045201186158028955,0.009927909104476643
57f6fa6c,0.713677822796988,0.222771086566391,0.05903683558121034,0.004514255055410631
e072b994,0.8500676639703136,0.1052036961061069,0.03931552229849302,0.005413117625086493
c7d9e964,0.6481911202457513,0.25936484784194125,0.07830007292978851,0.014143958982518951
a95b4487,0.946846471106168,0.04071551044997451,0.01157606932666018,0.0008619491171972751
e63000c5,0.662064170060594,0.25460285651353326,0.06750856219848753,0.015824411227385215
b823508b,0.8829811548131065,0.09993974526792579,0.016185667684763864,0.0008934322342039103
ea7277b4,0.8384260322282471,0.12482116678736069,0.03236660367027571,0.00438619731411649
9061cc9c,0.6946296431973038,0.243212770980373,0.05335352203254614,0.00880406378977703
60c1ff37,0.6679096542924844,0.19583510541345162,0.10484385442614982,0.03141138586791421
9105b812,0.9264451592510644,0.05458974025249614,0.01892791402487775,3.718647156164587e-05
260f542b,0.8130720849185546,0.15103633534308825,0.03227342922566254,0.0036181505126945904
3ca35642,0.855647362413776,0.12052007344548657,0.023363604783881692,0.00046895935685573915
bfb421f9,0.8807500794575697,0.08911961012819154,0.029748914079881342,0.0003813963343574531
75b53bd4,0.9907665879321451,0.008754397846087775,0.00047901422176706694,
95cc96cc,0.8159913496298846,0.15006078929247718,0.027486981408159753,0.0064608796694783956
6795027a,0.8715782944605084,0.10532604828926125,0.02175479563262216,0.0013408616176081582
5f7537cf,0.7513897654691879,0.21583651006033677,0.030095175582540202,0.0026785488879351696
338146bd,0.6908523626497852,0.22605923581279674,0.07268369884693647,0.010404702690481573
2da6bf6e,0.7815877581286654,0.15154533901584663,0.05484024797329518,0.01202665488219271
1f7bd44c,0.8919831889379769,0.08219060187044581,0.01973721957656779,0.006088989615009467
ea7adcd6,0.9017034896570919,0.09078183708384836,0.007143578283303728,0.0003710949757560378
4940a214,0.9375243033052495,0.0588248001728235,0.003650896521926982,
86bd716a,0.8392558975895877,0.12589373635312753,0.03052618058826048,0.0043241854690242755
95d57ff9,0.7708965104856277,0.19164566693717167,0.03258873275530688,0.0048690898218938196
85d99199,0.8983247071642604,0.09256615222761815,0.008517363492048582,0.0005917771160728544
857baaa6,0.8710199744468761,0.10672856763355303,0.020244314851593698,0.002007143067977213
ab54c39e,0.7395550186247861,0.2387999597301923,0.020839625490788282,0.0008053961542333635
27d7e5e4,0.7859322852626032,0.15212761285789567,0.05068724749692605,0.011252854382575093
a814e825,0.6768630810152834,0.2200081150534241,0.09478833235652134,0.0083404715747712
8ec2cc63,0.7776916731245157,0.15471339649526286,0.06047046471514637,0.007124465665075119
8148c785,0.9610398661834402,0.032780410742496054,0.0060403308242728375,0.00013939224979091162
9ce139d3,0.703470781392727,0.22585716856771268,0.06105532672070414,0.00961672331885618
bbd71a7c,0.9852343248448534,0.013084283574332794,0.001620250068784201,6.114151202959249e-05
c3adae87,0.8391745346395763,0.13622182445880643,0.022863805502798765,0.0017398353988185517
fdea7d9e,0.7532333398363534,0.2014425228657662,0.041009192210147004,0.0043149450877333915
0b4014f0,0.8096284814993935,0.14875605521243787,0.03811117013263987,0.0035042931555287755
2ac0bd9f,0.7248013641924204,0.20976929825645335,0.05941156845057892,0.006017769100547407
56d9dead,0.6480711458497613,0.24255211118077646,0.09669465675281663,0.012682086216645575
d6776176,0.7720590023426924,0.17161910577783063,0.04882095291107226,0.007500938968404727
ce379a6a,0.8653876519816832,0.11555956255762188,0.01755780015586559,0.0014949853048292865
6a864b11,0.8746994626915598,0.10011289749325751,0.022754594300767286,0.002433045514415337
f8674e15,0.7102678682052087,0.22543715463338482,0.05667109947384506,0.0076238776875614325
fa3e1e21,0.7038287682290265,0.23444815153635043,0.05145832212236991,0.010264758112253134
812f6873,0.7715494174137377,0.14203884892617374,0.06522308791018169,0.02118864574990681
c3a3f61e,0.7820143985854021,0.13500428028123554,0.0717333033947542,0.011248017738608137
3d36fe8b,0.9927053783361315,0.007101642254771416,0.00019297940909704934,
ab2ad965,0.7548759036754179,0.17544026738970622,0.05773700924732655,0.011946819687549294
c9879365,0.8152623095293543,0.13009767257085714,0.04303711922994379,0.011602898669844793
f6cc80a9,0.9699534346215288,0.028653002957071478,0.001325583766697257,6.797865470242344e-05
fb3c2c87,0.7343840477924103,0.21975851531638965,0.04038217875141181,0.005475258139788213
80b46ffb,0.9229731169430733,0.04779999289747505,0.028623175538904082,0.0006037146205476047
53814642,0.965055261447014,0.03276214358688585,0.002182594966100121,
71852781,0.8962043476904844,0.06424851074447183,0.027820228924305274,0.011726912640738546
2fef897e,0.8126177664067944,0.14553852423755292,0.036082746545309095,0.00576096281034357
563ebc00,0.8413683720173616,0.1266110129324687,0.026567387108938856,0.0054532279412308395
6187d0dc,0.8881261999685919,0.09203094209249194,0.018054619784094304,0.0017882381548219107
37bcfa7e,0.9013101586674567,0.06421313669980468,0.02457919108126495,0.009897513551473653
35d2aa41,0.9191760819609345,0.06816712945231712,0.01221694274224435,0.00043984584450402147
de742c5c,0.8952970944943722,0.09344734316377279,0.011174542236404203,8.102010545078341e-05
33d60f7d,0.9981019737213742,0.001457413035373335,0.00036152881497633117,7.908442827607245e-05
436dd613,0.7993947697185391,0.15195059473192446,0.042838545767587374,0.005816089781949125
3e5ee48c,0.8871604491744322,0.09471766227296458,0.01737121721357623,0.0007506713390270617
cf1b9d44,0.6954747985015325,0.23754824611193098,0.05720711772051311,0.009769837666023386
34362a9a,0.8143906457919995,0.1323145804009358,0.041212895663494474,0.012081878143570183
db23fbe4,0.8877359179958679,0.07379973294182517,0.02944283161384185,0.009021517448465079
860f4f9c,0.8136509923118184,0.1574438285952679,0.027377972465581976,0.0015272066273317839
8875387b,0.7632327111642601,0.21991899249430102,0.016483216383178727,0.00036507995826014965
137baaec,0.9359440812814203,0.05526955419012968,0.0077597789821706245,0.0010265855462793822
2f8ec752,0.8075312166314367,0.1660964501296607,0.02478153805922988,0.0015907951796726885
62cd5c74,0.8965546706771029,0.08086383885337982,0.019830012190814733,0.0027514782787025328
5f37ceb1,0.8799798863017334,0.09071557275152599,0.0242872906569078,0.0050172502898328045
f4114031,0.8296241132189769,0.1003865295426947,0.057206928076605656,0.012782429161722737
8f015125,0.8889589955435977,0.08761215411294579,0.020817708147319213,0.0026111421961372556
e88aa867,0.9606172360248447,0.03220108695652174,0.007065217391304348,0.00011645962732919254
bc4eaf77,0.9633542364426708,0.03215634575643127,0.0044537875008907575,3.563030000712606e-05
384c3f27,0.8271059195416491,0.13573951053268465,0.033272417454868745,0.0038821524707974217
6ac5763a,0.8529870848628712,0.12615931407520786,0.015604529594126575,0.005249071467794309
2c406043,0.721505461903084,0.2128948654700874,0.056631011787707596,0.008968660839121094
70de1c63,0.8224778679578942,0.13530808831693572,0.04032378182369652,0.0018902619014734836
c38585c5,0.9161030669774598,0.0684730562987289,0.014094776607837959,0.0013291001159733147
e23a8a0a,0.8233110506389021,0.14273988405111215,0.029475272124940843,0.00447379318504496
38d53b92,0.8762075248167169,0.08375261781242124,0.031393472776199124,0.008646384594662705
e5349ce2,0.6758279038209516,0.24752070340455987,0.06545466938064833,0.011196723393840253
5124169c,0.8883462670591383,0.09947819106234948,0.012108643296762108,6.68985817500669e-05
d74e4d7c,0.8859994415269733,0.09863654515374522,0.014190018946047302,0.0011739943732341294
c45068a1,0.9472023516900264,0.04932378878934115,0.0031227112658392944,0.00035114825479317367
c6cc7467,0.7834703044134176,0.1753785402002641,0.04006136988174759,0.0010897855045706886
a8c1aab5,0.5317375580219712,0.28501638350717506,0.13627622847983142,0.046969829991022345
ecd25dd1,0.8452993911056272,0.13018402896964187,0.023842435824883337,0.0006741440998475445
4b71830a,0.8349788356728384,0.10454929759770429,0.05383753177403053,0.006634334955426853
1fc07a80,0.7545224973397074,0.15985843537739094,0.07045672326075102,0.015162344022150576
0b7d9da6,0.6705539001091368,0.24742179548492318,0.06364271787514256,0.018381586530797436
e1ea8dd7,0.8554476806903991,0.14023732470334413,0.004314994606256742,
f62b317d,0.8189684805188983,0.15632706132026125,0.024002032550701678,0.0007024256101388412
a221c60c,0.8837194391347383,0.09234480630592723,0.02149529339632849,0.0024404611630059747
4cabd7aa,0.7982407670743104,0.15781903871937594,0.03604599195547069,0.00789420225084305
2a88cbe9,0.7284734233484917,0.20567067439217723,0.06231448653480388,0.00354141572452716
f4d2f5af,0.8990889035683571,0.07766878965014395,0.020415539740505778,0.0028267670409931078
9130a22e,0.8304940873434025,0.13667082959320404,0.027582640596339227,0.005252442467054339
b08423c5,0.7860482474782554,0.16980610471243993,0.03792897302191214,0.0062166747873924864
b452f767,0.7283063118180891,0.17813806464770063,0.07285612317732232,0.02069950035688794
c0442863,0.959435950882747,0.028715726454201375,0.008984194400257026,0.0028641282627945427
9c1ea003,0.8194334578586647,0.13380602918165493,0.041506198359037134,0.0052543146006432204
c0a7d046,0.8959940228365418,0.0864105633587659,0.016589961587281307,0.0010054522174109883
a28c7891,0.770875915777016,0.15080767529037495,0.05692678941268122,0.021389619519927905
e4b47411,0.8393296375138217,0.10446582369887847,0.04427461393228677,0.011929924855013051
1649ce22,0.6910650520105573,0.23791336748952027,0.064027324949542,0.006994255550380375
082df556,0.8862525239066488,0.08431129377760924,0.027591296237457336,0.0018448860782846659
be210bc7,0.9725739563173901,0.024827204865910977,0.0025711915952446778,2.764722145424385e-05
51364c23,0.8340292420375097,0.08063755410054378,0.07750943291532571,0.007823770946620796
64ed48c4,0.9836032551768592,0.01305293691080493,0.0029006526468455403,0.00044315526549029087
621066ff,0.6865662783402011,0.21025164911566702,0.0860974038086517,0.01708466873548015
0ed2a3c8,0.7916125629855483,0.11450185466680257,0.07430632802563296,0.019579254322016248
f2d4efd8,0.8242634717465169,0.14339614917511564,0.030771120177940314,0.0015692589004271114
b712b69b,0.6129453384719484,0.2748117148656997,0.10191300638404284,0.010329940278308964
89739b1a,0.8304968324868315,0.12737563487640027,0.03600445885372919,0.0061230737830390855
4a62661a,0.951042796618842,0.04320596000736814,0.005423770441474447,0.0003274729323154383
04d06a9c,0.6916191060652552,0.21965429068221337,0.0665480208652961,0.022178582387235347
da09ed4b,0.7833845304248783,0.1796039991256227,0.03497509175209103,0.0020363786974079315
2f1af08a,0.8063029780271006,0.13945132760200799,0.04242047548225266,0.01182521888863872
f6b719ee,0.673270130251484,0.23480923715837826,0.07584894183778342,0.016071690752354383
28e973b1,0.841454650809386,0.11544721451355888,0.033068508792610286,0.010029625884444848
6fb28c2a,0.8813343519225872,0.08891435362023598,0.025719378660555132,0.004031915796621679
d57f6c9e,0.8130247020210745,0.14510278113663846,0.03523924684746934,0.0066332699948177575
05bbed1b,0.8443953510709826,0.10777062722120834,0.03780342220453641,0.010030599503272638
7fa51811,0.9115556298672017,0.06768102063668192,0.01957774095973491,0.001185608536381462
dcfcd574,0.8545561259351403,0.1232866712219166,0.019721896151981826,0.002435306690961333
a6fbb2e7,0.8669254627512575,0.11105036085651232,0.019394794918185975,0.0026293814740441777
54391716,0.9142736276315134,0.06607400587269198,0.017375454138257106,0.002276912357537451
1a803bfe,0.960844155262993,0.03665882058120699,0.0024970241557999875,
3b1b9538,0.9381219502823991,0.04649018327121835,0.015272601529181236,0.00011526491720136781
c4c2076b,0.8062116718156443,0.13883734199663816,0.046854839953325074,0.00809614623439243
2f16cad4,0.8067503456502291,0.12873370021958955,0.05092580041749126,0.013590153712690107
b2987a65,0.7452872741888663,0.20841837304334235,0.041881964138177435,0.004412388629613916
2a922ca4,0.8235249617970275,0.13409369436613325,0.03690180196991169,0.005479541866927573
5f1b07e1,0.8318337617823479,0.14715763028745033,0.01990827296097219,0.0011003349692295709
2c54d6c5,0.8535559137728478,0.12048851124286222,0.022508492481990473,0.0034470825022995728
ef58dd3c,0.9088432003963339,0.08603748658244571,0.005057385847576583,6.192717364379489e-05
d4d9f7f9,0.8581575389103488,0.11706827503638517,0.02345431603948638,0.001319870013779572
a1ab89aa,0.9479406754183786,0.04386712095400341,0.007390520092193606,0.0008016835354243912
f285b43c,0.9938077716952347,0.006057614645966078,0.00013461365879924617,
e3f71f7a,0.8728707153262089,0.11445734985110799,0.012625526923027342,4.640789965580808e-05
d791703f,0.7214236030605147,0.1954555993507999,0.07639693948527707,0.0067238581034083
1470a1df,0.8402452254987102,0.1240352427902518,0.03171232647255129,0.004007205238486694
1301f65d,0.8505786394499723,0.10878706352934478,0.035136866379126275,0.005497430641556704
012e3869,0.9129410069573093,0.06675311843892799,0.01729035445226627,0.003015520151496439
5cd83147,0.7953318794982571,0.15454234517020302,0.045798230655220346,0.004327544676319549
9f3ca269,0.9516848665120151,0.034869341006636,0.011841350156402817,0.001604442324946047
c308b134,0.8706194616034463,0.09827264938317466,0.0269198276843436,0.004188061329035428
5af79adb,0.9077735812459928,0.0842604914791248,0.007806985878461016,0.00015894139642139404
9a5aed6c,0.8313614588539318,0.12393919816668089,0.03836073966624816,0.006338603313139193
c00c663c,0.771505557426743,0.17841023913775683,0.0466992253283934,0.00338497810710677
fe3cbf02,0.7581549968834407,0.19530438396010805,0.040930812383129025,0.005609806773322252
863e40c7,0.7918986212452945,0.15962875129158682,0.042254803337414826,0.0062178241257038296
5985f299,0.8448058988297115,0.13325956488191673,0.019111156320475955,0.0028233799678958377
adba23f0,0.8285878406994348,0.13246812674335395,0.03350160400734095,0.005442428549870267
2c3b09db,0.7350674173643862,0.17067292709783308,0.0700558868136206,0.02420376872416014
e8b64419,0.8123492566598747,0.14777752622443588,0.03446683269187231,0.00540638442381707
2ee0a1e8,0.7269335253493928,0.21877829782127234,0.05008782552722591,0.004200351302108904
c274a243,0.8777959815231984,0.10141761667463081,0.017805538489544224,0.002980863312626573
233b9425,0.831653753770024,0.1271122669508106,0.0370079403779355,0.0042260389012298855
15227eef,0.8687229606932345,0.11886370004395695,0.011331124346750912,0.001082214916057653
fad07fce,0.9020801528504931,0.08511674518361727,0.011538713695666426,0.001264388270223188
e37d000b,0.82042484513878,0.12866108179342936,0.040394540525163856,0.010519532542626749
4dfb4e1d,0.9014302249988108,0.0766248592766423,0.019629917389442975,0.002314998335103937
54fef303,0.9007503089199321,0.08214128636354116,0.015469558296856346,0.0016388464196703458
e0655da2,0.6879592228489276,0.21612625233312777,0.08103968665634713,0.014874838161597431
f09e7b33,0.8391633783112715,0.14343459154087262,0.016547680708255685,0.0008543494396001644
93559639,0.6306730047535651,0.26464848636477356,0.08729046785088816,0.01738804103077308
8f753551,0.7002750854269197,0.245836109260493,0.04969805076185769,0.004190754550729621
04bb1a76,0.9831159128785701,0.016182977989770704,0.0007011091316591001,
e7401605,0.8335228075781504,0.12585801107348937,0.03397017163294025,0.006649009715419926
9a7e4c38,0.6438509180962159,0.2714170956502726,0.07626163959673164,0.008470346656779842
2b34dcf3,0.8561946818505122,0.09726485388591577,0.03524006222638079,0.011300402037191293
d28f0d44,0.8230668082027082,0.12269429059752049,0.046112780197718715,0.008126121002052648
2c2dc20d,0.6395230049899807,0.24670936308985894,0.09583120506070489,0.017936426859455425
464a75fb,0.8117103083351878,0.15971331786182316,0.025047597853769504,0.0035287759492195364
8e80deb7,0.8673967397540273,0.11546148570940636,0.015711514394661074,0.001430260141905288
6e85a624,0.9061268715524035,0.07555161544523246,0.017336485421591805,0.0009850275807722615
6282e693,0.6180297601237694,0.2841150413416138,0.08142072116121404,0.01643447737340271
5c22f241,0.7263157894736842,0.16011080332409972,0.0910803324099723,0.02249307479224377
bdcc7d10,0.8734239521411533,0.11548218545303093,0.011093862405815759,
7187caec,0.8768385800401876,0.09092654610404108,0.02651038178164769,0.005724492074123688
a148b46f,0.803882497568852,0.16067962055742097,0.034333314985046146,0.0011045668886809417
7015528d,0.8234158818742007,0.13968143239158237,0.032624113475177303,0.004278572259039647
9ddb06db,0.7500835282325427,0.22602739726027396,0.02221850985633144,0.001670564650851988
ee67eb55,0.7695671771230345,0.18527911541182646,0.040497980235981466,0.004655727229157633
6fcdcb2a,0.8784887545249805,0.07728296429240414,0.03911412752277192,0.005114153659843439
ad0bbf35,0.7193267927697505,0.23315550380790595,0.04262182435914565,0.004895879063197877
edb9d0f3,0.7599343978303006,0.1757271972111978,0.0562233313690548,0.008115073589446855
4926b18a,0.9195674481016655,0.052569263556713236,0.026876627989580865,0.0009866603520404136
427037b2,0.8635212879201668,0.09913763889276501,0.03197075228348278,0.005370320903585397
fc49ba65,0.8040969632392115,0.14163558870538093,0.0345125199786894,0.019754928076718168
0b7d7aec,0.9968963449759585,0.0030448736788892677,5.878134515230246e-05,
e754411f,0.8715365164005476,0.09434424710517034,0.027214686664952983,0.006904549829329093
b23b9220,0.7246243248086425,0.24536005939123978,0.028594833986124977,0.0014207818139927808
81feecad,0.9180789627962452,0.06703212285797074,0.013753461950552227,0.0011354523952317739
a7b9546a,0.8551893769063653,0.09417647728073074,0.04139961750795053,0.009234528304953435
0668373f,0.6388484884908949,0.22047599014363845,0.09951920187511269,0.04115631949035399
b69bf1f7,0.8459337019265899,0.11437026572813405,0.03447645955622671,0.0052195727890493706
49e4eade,0.8098556039422415,0.13187364333769264,0.047889336802793545,0.01038141591727225
9dc74359,0.7113087546565646,0.22961669618713243,0.055651856007362256,0.00342269314894073
8a6b6912,0.8114330374588288,0.1534304694914308,0.03061463741416848,0.004521855635571931
949f94e5,0.6450015113626996,0.2800005495864362,0.06485463438762332,0.01014330466324091
3268c574,0.9504369417303538,0.04646738254167876,0.0030473057947180034,4.8369933249492114e-05
732b2327,0.706248643470321,0.2227552708194562,0.05942535531722213,0.011570730393000682
0d4800c8,0.8363169994763533,0.12223090299654729,0.038671449493294804,0.0027806480338046155
d859115e,0.8463569880823402,0.1024681744312026,0.0431930525460455,0.0079817849404117
e1958a83,0.7264847135996252,0.22275584709695054,0.0428331576275819,0.007926281675842412
b308c03e,0.843813225041119,0.10574501841258752,0.04592230324731089,0.004519453298982577
f74eda33,0.857558791430579,0.10317092496524093,0.036489557326316736,0.002780726277863326
db746de0,0.8626009151144647,0.09832580788626649,0.033947429915348146,0.00512584708392067
4859a9f9,0.6490886016018518,0.2520549206307456,0.07905361863303392,0.019802859134368793
31f01671,0.7064589883948353,0.22191089720633897,0.06439705483036941,0.007233059568456305
372a7950,0.949545660602042,0.036874902738215254,0.011021874598266541,0.002557562061476214
ffed1dd5,0.8865175524457025,0.07985899843919474,0.028749239438110103,0.004874209676992672
526f719b,0.5932808653746143,0.2902680026349548,0.09761467253753077,0.018836459452900182
da5a8921,0.7312948489419078,0.17656615517578084,0.07200345703019499,0.020135538852116393
c3061b23,0.855409507504156,0.11803305509864817,0.024824922504287462,0.0017325148929083754
8a44ea3a,0.8118339298042359,0.14141518342472167,0.03916869678381831,0.007582189987224148
dacc2f83,0.7022690855761657,0.23353521088509274,0.0581393769859591,0.00605632655278238
71850348,0.6805229100920525,0.23945174350186196,0.0685383052244187,0.011487041181666931
9402b885,0.8022270979309694,0.1418831245429023,0.045544624531106234,0.01034515299502206
3065aa2f,0.7960565161398305,0.1443774437558406,0.05909646704387486,0.0004695730604540446
7a0136e0,0.7179426961014561,0.22052606857679663,0.05824330671676844,0.0032879286049788633
d9c82502,0.8050537842968295,0.14409040467794607,0.043504389549025906,0.007351421476198501
218faf6f,0.7241240791426665,0.2130397483557335,0.05400887835832074,0.008827294143279273
0c4e2d68,0.6386767239332145,0.28225830825493187,0.06786064324480694,0.011204324567046765
50b2b84b,0.7407740952230151,0.2194325412926658,0.037477609429275485,0.0023157540550436924
25eba023,0.9450728862973761,0.04599416909620991,0.008793002915451894,0.00013994169096209912
c0f2a046,0.8118043662940438,0.13729419220863281,0.04109818093555739,0.009803260561765935
f64ae747,0.8199929237268839,0.12878817071333737,0.0431932908523406,0.008025614707438143
7860b64c,0.8514448934776642,0.10197553478588181,0.03610806873741341,0.010471502999040634
d87e2d01,0.9367762853172765,0.0499073645206114,0.00856878184344604,0.004747568318666049
0417c91e,0.6979897555183353,0.2558996305440161,0.041075426824384795,0.005035187113263853
a8926a86,0.8875807940904894,0.10295475530932595,0.009464450600184672,
12380b06,0.8958993873159652,0.08564214909851102,0.01669640545709124,0.0017620581284326035
f015a18c,0.8367504835589942,0.1215183752417795,0.03970019342359768,0.002030947775628627
68fa4631,0.8885665529010239,0.08812627986348123,0.02099317406143345,0.0023139931740614335
06c8b2fb,0.6556111829478097,0.2511632019274339,0.07577482326330176,0.017450791861454637
36530d36,0.7042516886515543,0.2136586271528097,0.06595024224634863,0.016139441949287407
e0ad6550,0.8752347483311951,0.09972666926981648,0.02236477566426805,0.0026738067347204402
a5078c62,0.9216632754664704,0.05637689943287588,0.019784406251352873,0.0021754188493008355
9271574b,0.8971008911140919,0.08884580140506514,0.013524748004621575,0.0005285594762214638
1b6fb363,0.96962546105585,0.028912498140386697,0.0014312609973683266,3.0779806395017775e-05
2c483245,0.6665344766457001,0.24828962746050715,0.07581841818444447,0.009357477709348286
df556fd2,0.8447996899377415,0.13370204493441937,0.020809237886655018,0.0006890272411841426
fb9c5a33,0.8037483860235581,0.14741842982866105,0.03938300552118567,0.009450178626595163
f93010a8,0.7787973256475109,0.15041762249279453,0.06069495912005176,0.010090092739642766
e1a4575f,0.7886774350027203,0.14912725021507192,0.05249362824316393,0.009701686539043929
e76ad778,0.8121369660793941,0.17447771252527197,0.012903950450884117,0.000481370944449793
82ec9747,0.8192645677364289,0.14381809618232017,0.03168692475233612,0.005230411328914807
22375702,0.6405037408801524,0.3340536270272782,0.02541939681211952,2.323528044983503e-05
85d9c915,0.6610122358175751,0.2645606229143493,0.06592510196514646,0.008502039302929181
ab987c75,0.8579356303977528,0.10499058661805576,0.03330544183127634,0.00376834115291516
3d970ce4,0.8002463737941564,0.14405059337913803,0.045726629190089525,0.009976403636616005
ac66c144,0.7792013384405406,0.16610898310805852,0.04545854796812398,0.00923113048327683
36c1f189,0.7342907118604207,0.21627739479370306,0.04242059000779034,0.007011303338085929
9027c805,0.713435041642933,0.2373662576781563,0.04357651985159413,0.005622180827316532
11be5d2e,0.91014468314728,0.07990624262250852,0.009480287342754039,0.00046878688745742136
ff18b749,0.7593296960249415,0.18931930371525071,0.04214341387373344,0.009207586386074305
5d762840,0.9360638484476408,0.06165584985090335,0.002280301701455885,
52ce9b8b,0.7050929557070581,0.220890110868822,0.06308231988485041,0.010934613539269512
21eb6d47,0.9022146437386982,0.08860637646880866,0.008993337504555112,0.00018564228793806423
14568d61,0.9493441086905599,0.043716327008667136,0.005651206371515578,0.0012883579292574372
adaf7461,0.707218407867879,0.2138458683643319,0.06810739826141571,0.010828325506373382
b9b22bff,0.6900416266410503,0.22062119756644252,0.0893371757925072,
4fd7e043,0.6494824732141233,0.2707147144962072,0.07263565750459317,0.007167154785076311
b120a337,0.8005768152994591,0.144899655548069,0.04565404935675019,0.008869479795721743
7fa7ccc4,0.8320046632518296,0.14022983974295797,0.024284953972915968,0.003480543032296398
ec8f8f95,0.8042548003657422,0.11583968302346845,0.06312099969521487,0.01678451691557452
23dafdab,0.81689262895434,0.12170796322268973,0.05460033822196827,0.006799069601001968
48e69212,0.8018627761976227,0.13623216994234139,0.05151423872218031,0.010390815137855568
6a2fd807,0.8582967177242888,0.08213566739606126,0.05096192560175055,0.008605689277899344
3d3b87db,0.9309556143234937,0.04763379632938635,0.020266997037778255,0.0011435923093417197
1f5835cd,0.7988208347472006,0.1543462278022848,0.04323888700373261,0.003594050446782038
32b8490d,0.9370095440084836,0.04841690652931374,0.013573700954400848,0.0009998485078018481
3a594acf,0.8002388218123923,0.1501525806023617,0.04349210561231259,0.006116491972933528
3c620257,0.7529662214978295,0.16626806592712093,0.06296672044173167,0.01779899213331781
6ac5eaaf,0.9368908961255051,0.061326360827192776,0.001188495364868077,0.0005942476824340385
8d8b8553,0.8961102044563971,0.07255936284716566,0.024796595059044448,0.006533837637392744
0b518637,0.7164067337739952,0.2062998324716906,0.05986856948104626,0.017424864273267955
9b328d6c,0.9202156394071026,0.0702419098221752,0.00943514907535539,0.0001073016953667868
9a2082cf,0.7763622554719782,0.17496599456771264,0.04115408215369168,0.007517667806617436
4f059221,0.6787068873843536,0.24250587832169485,0.07035080878617088,0.008436425507780653
4ca242ea,0.8298698611604798,0.13990588410056715,0.02685539362622088,0.003368861112732173
81a4b826,0.6637815212218573,0.2396703993016756,0.08080160067729052,0.015746478799176525
897da2c8,0.6006589268904926,0.2973015374960778,0.07621587700031378,0.025823658613115783
40aae75f,0.6749154149642342,0.25510729714225505,0.06270121872695131,0.00727606916655935
86335468,0.6791906277812008,0.20764017252002465,0.0948688984733347,0.01830030122543986
5a313293,0.8545261167572678,0.1140392342235878,0.031080122902387142,0.0003545261167572678
b1f064ac,0.8745463221365878,0.12298104313373917,0.0023135763552496495,0.0001590583744234134
a3b146ca,0.828238891460933,0.1373319049516037,0.03129071157096868,0.003138492016494579
8ba98f12,0.9676057589761821,0.022573764664059724,0.008620689655172414,0.0011997867045858515
17c1ae23,0.7606777267913872,0.17354982939169314,0.05661450366709809,0.009157940149821547
93c72a97,0.8387799992144231,0.14397658981106878,0.016811343729133114,0.0004320672453749165
96de5f57,0.9888219700208901,0.009822006670168708,0.0011849933420477173,0.000171029966893485
3e398bf9,0.8239717527479021,0.1508834653114289,0.02391118071149982,0.001233601229169129
467c549f,0.6982690371083483,0.2658259916776976,0.03389089803596197,0.0020140731779921335
3ab539f0,0.8032891499569442,0.17183847951777587,0.02215832205683356,0.002714048468446303
25849c6c,0.8993324531683289,0.08897619842948871,0.010980853760054294,0.0007104946421280905
7347b54e,0.790056069891772,0.15997392098057114,0.040039118529143304,0.009930890598513495
ad536dea,0.6615920884909775,0.20986401338722052,0.08922195842470594,0.03932193969709601
de3750cc,0.7864991272881228,0.144618543030487,0.06469251384955806,0.0041898158318322155
dd689eb0,0.703714451538015,0.23086808722328164,0.05911615952242766,0.006301301716275599
144a9a79,0.8338879547102975,0.11763044015657981,0.04163055968314594,0.006851045449976774
aecc7e74,0.912744340351737,0.05892443120770579,0.02427852443874762,0.004052704001809579
f67908e7,0.8228524803986653,0.1450103965303956,0.02894066520247645,0.003196457868462688
fc41be2f,0.6182327019925553,0.2835627873877819,0.0855389205167506,0.012665590102912197
29b37b4a,0.821698262780005,0.13732871282643655,0.03336277774002854,0.007610246653529932
5c186496,0.7917115095253883,0.17448675116676443,0.03255208997475198,0.0012496493330953048
101774f0,0.753094941152423,0.1911472389184962,0.04348470081494933,0.012273119114131417
49a1931d,0.8046830528202819,0.14078611623237414,0.04730064598714823,0.00723018496019575
a3858c6a,0.9544090810677059,0.04497231758992917,0.000618601342364913,
327ef356,0.7448230381639488,0.19922869802524815,0.04474645498915072,0.011201808821652373
4a6af685,0.8872557426331877,0.08408405378958306,0.024241629424879195,0.004418574152350016
4cde1e34,0.9273695687984876,0.06660861880071017,0.00585446720164835,0.00016734519915386083
0d924604,0.6934548601021548,0.2379135106513499,0.055823534349715556,0.012808094896779735
e315fdd7,0.8588803893262691,0.11714761954370247,0.02224934144925811,0.0017226496807703183
cd89d5f1,0.8480076302950578,0.1284986697888005,0.02140394214050138,0.0020897577756403903
df4ab9b1,0.9221093323752112,0.06912784276152076,0.007941102106537852,0.0008217227567301423
6ebfdc95,0.6790694104503705,0.2696850561577363,0.05077648623986219,0.0004690471520309742
c6575d38,0.9471436632767972,0.04933011677677377,0.0034720083190206423,5.421162740841315e-05
0b50f3fa,0.8332554831685602,0.11952868456635117,0.03519763991079425,0.012018192354294344
278e8a51,0.6630542997502897,0.2590785200176266,0.06725857257103687,0.010608607661046824
cb73fed9,0.9342128908589913,0.04943392835749371,0.01576913861267521,0.0005840421708398227
89a26502,0.8243019252836925,0.14254749458115518,0.02830549534616856,0.0048450847889838075
56ef356c,0.6950851902254976,0.22141219454680278,0.07204448017910262,0.011458135048596925
71ee31f8,0.8132331282432451,0.14110748647644217,0.04051423930847476,0.005145145971837965
31b74cd4,0.7628100140383716,0.15547496490407112,0.0627683058330451,0.018946715224512217
6abd21d4,0.9478334578472501,0.04760741719824531,0.004482501005689328,7.662394881520219e-05
6595d479,0.8455963124905767,0.12010791134469166,0.03207993193615784,0.00221584422857389
fdb6b48b,0.5988114121972793,0.2661895746376123,0.10953136307483133,0.025467650090277117
35daea65,0.613235903299034,0.25612168812447184,0.10342496396082915,0.027217444615665026
e243119c,0.6430350226207533,0.23066388860013468,0.10283968416818451,0.023461404610927564
bb808a71,0.9253990284524636,0.05599743767682699,0.01569422943468745,0.0029093044360219934
78704d22,0.9330220157950334,0.05713263692103042,0.00907962910176227,0.0007657181821738571
6c6cd633,0.8668139149641082,0.10807175522802248,0.02276402044485976,0.0023503093630095288
9ff73d95,0.6985657183164825,0.23262011129398855,0.06262246257543695,0.006191707814092014
ea4619ec,0.8236175448547717,0.13975666841416215,0.03089056381080067,0.005735222920265504
3b091b83,0.672210148049569,0.22857525826495734,0.07443647655429708,0.02477811713117658
e40319d7,0.6983621351507886,0.24035936047842893,0.056193849925245475,0.005084654445536953
4f20b188,0.8131280507498522,0.1506864758468973,0.03277289928640638,0.0034125741168441
5d3b6ea5,0.8196581725856891,0.12827816825092114,0.039258032221774986,0.012805626941614804
d08806a2,0.6971218779923813,0.2277743164303426,0.06443681554177522,0.01066699003550088
9fa68512,0.8799328039095907,0.09596823457544289,0.01863164324984728,0.005467318265119121
fd56e059,0.8080836746835529,0.14525449112033537,0.037043622164627685,0.009618212031484002
9cf04c41,0.8679357197048072,0.10633009173046418,0.023734050624180977,0.002000137940547624
a297d1b9,0.6881630846535363,0.2356578450643721,0.06364310912664836,0.012535961155443314
c2e15338,0.8940406271889649,0.09200387951937065,0.013928552184923757,2.6941106740664906e-05
658e66ec,0.8987803168372354,0.08813741911205886,0.012853527341415363,0.0002287367092903997
4e6c7a75,0.6708840578785927,0.25612680232891827,0.06722104954371823,0.005768090248770813
059eed01,0.8611753817677001,0.1022240860712633,0.029442387783433596,0.007158144377602962
09b29113,0.8311965811965812,0.12969658621832536,0.034758002149306494,0.0043488304357869574
8ddb6b8d,0.7944624237985042,0.13324209094861925,0.06139892668606297,0.010896558566813647
22536a61,0.8604374582765333,0.11580470893148656,0.02206925955221955,0.0016885732397605704
37ae1239,0.7798482293423271,0.1575514333895447,0.05450252951096121,0.008097807757166947
93c06d4c,0.8309075177850413,0.13681022880215343,0.028398384925975774,0.003883868486829456
93fd93c4,0.6515695767608933,0.2781508667811963,0.06824925816023739,0.002030298297672966
fd0d9bca,0.7346503595093754,0.18465828986324545,0.0554992598336388,0.025192090793740306
9cba0d0e,0.8713122395630435,0.08890656106348281,0.03246545642122345,0.007315742952250202
30d2fd47,0.9984360102370239,0.0014301724570530085,0.00011709014268270244,1.6727163240386063e-05
a26c3e8f,0.803930279017456,0.1522604368346181,0.037269090330168085,0.0065401938177578976
8a9e653f,0.8197620720414913,0.14281729648370792,0.03322886817128076,0.004191763303519976
de3ecca9,0.8264895122892807,0.12109445373825763,0.04565049543173337,0.006765538540728349
10e46254,0.6543023859957635,0.2543343591383238,0.08247871787698334,0.0088845369889293
954a4c2e,0.9876349820023996,0.007982269030795894,0.004382748966804426,
9e964060,0.9630895716140199,0.029381220250973606,0.00696668109043704,0.0005625270445694504
428c37ea,0.9208719450713017,0.04904691026071926,0.022374801939789697,0.00770634272818937
537dc410,0.9223323936998561,0.06960515681365688,0.007668197677856847,0.0003942518086301721
04cb2c30,0.8527707884398885,0.11281125868294721,0.03054244357794901,0.0038755092992152278
c9dabad5,0.8162618014799694,0.13433528961469762,0.04255932635876499,0.006843582546568002
4dc4ed56,0.5283242738925847,0.2897635080318027,0.15233043972091515,0.02958177835469739
2d0bbbd3,0.6521198842361713,0.25302899000964696,0.0849425268562272,0.009908598897954512
d5fde276,0.8560431256857812,0.10906201054402173,0.028583505351626622,0.006311358418570449
099e3614,0.6795371348995024,0.23405896041333074,0.07242360049534367,0.0139803041918232
321202d4,0.7966486758188573,0.15328053031943087,0.04310587228239908,0.006964921579312764
ec13a1b9,0.6628287528094318,0.24178857300579631,0.08731911202239659,0.0080635621623753
a4481101,0.9262478349866163,0.06295071642261062,0.01004566210045662,0.0007557864903164856
fab75c2c,0.8459029630391932,0.12065894571851524,0.02659056545522193,0.006847525787069654
75c13e08,0.8457452754451871,0.12492674780582155,0.027735905939101597,0.0015920708098898083
b2b56219,0.7678913619370652,0.17777475180114383,0.04802059864821371,0.006313287613577282
83912085,0.6781960621650733,0.24121747740394586,0.06781492309647896,0.012771537334501884
0fbb3ca5,0.8068426456463419,0.16180666284995102,0.030314500522826957,0.0010361909808801473
9ab4909f,0.7732710958034986,0.17114565394724915,0.039676425269645606,0.015906824979606635
cd144127,0.7325875588081547,0.18472108132327683,0.06043163318646853,0.02225972668209992
1b2eea8f,0.827818341394185,0.13926910795316613,0.02796866538439992,0.004943885268248959
8c0ca955,0.8458069939475454,0.1303698722259583,0.023412911903160725,0.000410221923335575
ba73bc7c,0.8214186921058337,0.13604147820300994,0.037373744925499226,0.005166084765657124
d5a8d9b0,0.9478644248951739,0.04296842884156869,0.008766340540984954,0.0004008057222724657
31d61741,0.7378253315672682,0.2369222300586586,0.02256893674849053,0.0026835016255827154
5f099188,0.9839097564540346,0.014748282688704942,0.0013153873749385489,2.6573482321990884e-05
f7fc97cf,0.6437270501835985,0.2791921664626683,0.07555079559363526,0.0015299877600979193
e7d08824,0.7651127049180327,0.20757098946135832,0.026895491803278687,0.00042081381733021075
cd1fff5a,0.9026779918361958,0.08269427543487111,0.014270153703968577,0.0003575790249645172
b94ec4a1,0.866156170028255,0.11357511073828357,0.019112450015445263,0.0011562692180162614
83379672,0.7673400499020543,0.18487522963170577,0.0418135344851223,0.005971185981117648
b25abc27,0.8337462733646048,0.13393502172386776,0.028658207755471666,0.003660497156055719
a9c53cdb,0.8140089720796986,0.11740466781504375,0.05099531130537312,0.01759104879988455
9bdd6964,0.8164146742869085,0.1343053108518784,0.03721979211717138,0.012060222744041728
a2994e55,0.8196025313096843,0.14966322226713277,0.02871944239604321,0.002014804027139688
350dbeba,0.8107934607069552,0.11967689282825288,0.052916571908905884,0.016613074555885968
57c4f2b4,0.7018825352690475,0.21517347737235148,0.07228920239153391,0.010654784967067028
029a19c9,0.8838654503990878,0.10009692132269099,0.015960661345496008,7.696693272519955e-05
1c23295e,0.931235791069073,0.06158840644793099,0.0071570911336271015,1.871134936895974e-05
a5dbb00a,0.7706458349358838,0.1946023253362507,0.03253818343432962,0.0022136562935359525
4a1440d9,0.9362588322796579,0.04441138795917524,0.017429031858187678,0.0019007479029792156
c55187b4,0.9617736694451733,0.03407875350677135,0.004127394191373847,2.0182856681534706e-05
84b7d89d,0.9357105913175462,0.056062297887150336,0.0077775683135389625,0.00044954248176452675
9b96b0e4,0.8409215992490424,0.13000952665647883,0.022556664049862687,0.006512210044616042
a8b0428d,0.8838383838383839,0.09884559884559885,0.017316017316017316,
f420b05a,0.8396115705696854,0.12911496599017802,0.02833688355459647,0.002936579885540125
214f46e8,0.7911849351218395,0.1637140381800257,0.044199802826158395,0.0009012238719764188
daf3969c,0.8052276186113861,0.17788383398099852,0.01675556671936642,0.00013298068824893985
cfe4cf40,0.9601029601029601,0.03635778635778636,0.0035392535392535394,
c731458f,0.7563965132102601,0.20562880324543611,0.0351567514827843,0.002817932061519501
adc2d620,0.8750865850842762,0.09443722779676432,0.026191437197833477,0.004284749921126056
22b4191a,0.7823694061888244,0.1933005918650044,0.023734702522008908,0.0005952994241622877
05e94f88,0.9261822376009228,0.06660899653979238,0.0066320645905421,0.0005767012687427913
43a7386d,0.8832294186455885,0.07997456077589633,0.02697239162776964,0.009823628950745573
2840643b,0.6881143755256228,0.22420139798436572,0.07942591647939559,0.008258310010615857
1b329556,0.812550291628974,0.13501646816571122,0.04704047820154636,0.005392762003768436
62b873a2,0.8093033606210509,0.12955464110084783,0.050562535568883245,0.010579462709217995
57de6095,0.7929368236055869,0.14013504763666637,0.05840347793913606,0.008524650818610674
